warehouseid,warehousename,location,capacity
1,forget,Kirstenstad,8307
2,avoid,Karimouth,8444
3,think,East Michael,4170
4,economic,East Erikland,7511
5,camera,Lake Williamport,4212
6,partner,Matthewfort,1047
7,fire,East Kathyland,1264
8,ten,Vincentchester,8074
9,draw,Lake Ericfurt,6447
10,direction,East Adriana,3240
11,process,Jacksonbury,3226
12,team,Thomasbury,2712
13,eat,West Theresa,1815
14,step,East Stacy,1872
15,huge,West Angelaland,8274
16,on,West Davidhaven,3197
17,simply,Lake Lisa,2303
18,part,Stevenstown,4530
19,guess,Davilaside,7150
20,heart,South Wendy,5071
21,affect,Millerstad,1875
22,everybody,South Pamelachester,3633
23,do,South Richardbury,3526
24,but,New Brittanyport,5108
25,every,Susanborough,1550
26,radio,West Debra,2270
27,plant,Daughertytown,9995
28,hard,Mirandamouth,2455
29,everybody,Luceroshire,3528
30,compare,Lynnshire,5297
31,understand,Larsenview,3496
32,require,Amyport,8343
33,down,Smithville,1448
34,oil,Robertfort,8345
35,among,West John,2329
36,how,Port Angietown,9213
37,piece,North Denisefurt,5030
38,check,Hayesview,3598
39,quality,Hugheschester,6225
40,major,North Kristi,8532
41,treat,Lanemouth,2016
42,president,New Charlotte,3662
43,this,North Kelly,9497
44,character,North Heidi,4243
45,whom,West Terryville,8827
46,of,Lake Mikefort,2578
47,present,Angelabury,7989
48,throughout,South Jerrystad,8971
49,mind,Michelleport,1474
50,pattern,Eddieburgh,7563
51,position,Rossville,9718
52,throw,Yolandaborough,4275
53,movement,Alvarezburgh,7437
54,factor,Frankstad,5731
55,open,Sampsonberg,5288
56,doctor,Brandonhaven,4303
57,with,Port Michaelbury,8052
58,have,Mitchellborough,6891
59,your,New Jacobland,1125
60,exactly,Port Kelsey,5638
61,property,New Stephen,9408
62,south,Matthewbury,7827
63,career,Smithport,8881
64,nature,Taylormouth,8506
65,total,Mcintyrefort,7714
66,story,South Sarah,7048
67,common,Port Jessicaville,9101
68,difference,Carrmouth,2706
69,step,North Rachelberg,6921
70,run,West Troy,5563
71,me,New Michael,3239
72,education,Pearsonton,7298
73,sound,East Alyssa,3336
74,democratic,East Brandonberg,3750
75,message,Williamview,5524
76,west,Holtchester,6382
77,fire,Cooperport,5896
78,bed,New Stevenhaven,7381
79,pressure,Danieltown,7757
80,image,New Bryan,4391
81,chance,East Rita,7668
82,everyone,Jacobside,6434
83,mind,Rileyview,1198
84,technology,Goodwinside,4760
85,assume,South Loribury,4241
86,two,North Danielleborough,5428
87,hot,Malikport,9631
88,do,East Richard,4015
89,certain,Ramseyland,6342
90,cup,Hernandezhaven,3063
91,friend,Jessicaville,4608
92,evidence,Nicholaston,2748
93,lead,Port Robertbury,9466
94,bad,Cindymouth,4366
95,notice,Lake Anthonyside,4776
96,purpose,Angelaland,3543
97,chair,Davidport,2028
98,court,West Steven,1030
99,lose,East Rickey,9082
100,figure,South Amandaberg,6612
101,population,Courtneymouth,2492
102,they,Kristinamouth,8967
103,local,West Ashley,7307
104,weight,Port James,5837
105,provide,Morrisview,2688
106,away,West Terriborough,5989
107,hold,West Meagan,9041
108,before,East Lisastad,5859
109,guess,Lake Jessica,2464
110,bit,West Jennifer,2536
111,leader,Jacquelineville,2481
112,house,Yorkchester,1832
113,like,East Carol,2949
114,police,Freemanland,5114
115,then,Stevenbury,9320
116,three,West Christopherstad,1626
117,recently,Petersbury,4245
118,son,South Christopher,3267
119,structure,Josephtown,5845
120,effect,Lake Rickey,8678
121,anyone,Brownland,9894
122,those,Michaeltown,8839
123,cold,West Julie,5784
124,feel,Johnstonchester,3564
125,stay,Mitchellstad,2914
126,significant,East Tammy,3718
127,include,Duranview,5697
128,rest,Michaelhaven,3055
129,whose,Victorbury,2753
130,against,East Tammyshire,9571
131,go,Heatherport,8748
132,fund,East Eric,8940
133,operation,Ernestshire,2904
134,story,West Connorland,8655
135,play,South Jenniferview,8089
136,sometimes,New Annaport,8585
137,away,West Megan,6158
138,bag,Jamiechester,6406
139,whatever,South Williamfurt,3572
140,number,Scottberg,9576
141,one,Loweside,5987
142,stage,Kennethview,7921
143,group,North Alexis,3263
144,low,Nicholschester,9155
145,always,Markland,5670
146,trade,North Brandon,2662
147,number,Coxfurt,8229
148,first,Kellystad,4573
149,put,Barnettmouth,8355
150,central,North Gilbert,4003
151,under,Hendersonburgh,7919
152,movie,Cookbury,3288
153,throw,Wadeberg,8601
154,recently,Ortizburgh,3166
155,situation,Port Jenniferside,3018
156,film,Andreamouth,8336
157,true,New Jayview,8286
158,and,Sotoburgh,9265
159,image,New Rachel,9330
160,our,Ayersmouth,7093
161,commercial,Lake Brandyland,9076
162,season,Ruizside,4493
163,strategy,New Angelatown,6245
164,relate,Lake Sarahfurt,1098
165,center,Lindseychester,3471
166,drug,West Johntown,5290
167,provide,Lesliehaven,8538
168,subject,Port Natalieborough,4279
169,step,Mcdowellton,8029
170,majority,North Robert,2988
171,second,East Matthewmouth,5805
172,section,Thompsonport,7190
173,read,Peterton,6354
174,analysis,Stephanieside,9573
175,kitchen,Lake Jamie,8025
176,dog,Port Tracey,5985
177,respond,Obrienburgh,3849
178,direction,East Ashlee,1325
179,wonder,West Nicoletown,7270
180,thought,Bennettfort,5356
181,detail,Williamsfort,1478
182,decade,Coltonfort,1737
183,policy,North Abigail,3148
184,cut,Dunnchester,4993
185,central,New Vanessa,2455
186,decide,Lake Holly,6434
187,nothing,North Loretta,9376
188,education,Port Amy,2206
189,page,East Brandishire,1786
190,big,Faithfort,7006
191,official,South Erik,5743
192,attention,East Lisatown,3797
193,tough,Andreaside,4896
194,fine,South Erin,3850
195,material,Port Kevinmouth,5911
196,fast,South Elizabeth,5370
197,coach,South Rhonda,5746
198,hope,Deanport,1586
199,fine,North Michele,6746
200,yard,Davidsonbury,4858
201,their,New Coryburgh,3155
202,safe,West Reginaldfurt,2920
203,interest,Lopezview,7004
204,open,Stevenmouth,9191
205,the,New Caleb,2701
206,street,Jillview,8858
207,with,East Holly,1306
208,direction,Port Cindymouth,8284
209,west,Port Pennyborough,5065
210,last,Sarahport,7382
211,popular,West Robinstad,3138
212,reveal,East Eric,5424
213,in,Isabellashire,9543
214,age,West Briana,1332
215,sense,Alexanderside,1356
216,firm,North Jessica,7883
217,street,Cynthiaburgh,3472
218,size,Reevesfort,6023
219,thing,New Blakebury,1747
220,start,East Michael,7444
221,image,New Caleb,4127
222,try,Gutierrezmouth,5741
223,compare,Justinstad,8995
224,level,Thomasland,5915
225,finish,East Leahtown,2916
226,many,Carolchester,6430
227,capital,East Shawnborough,4844
228,responsibility,Ashleyside,4197
229,it,New Michelle,6553
230,eat,Johnhaven,4197
231,involve,Abigailport,6536
232,fight,Elizabethchester,4251
233,per,Davidchester,3389
234,idea,Meghanville,5440
235,growth,Paulchester,9270
236,purpose,Lake Toddstad,8941
237,begin,Wilsonfurt,4970
238,require,East Melissa,6821
239,rule,North Ian,4061
240,go,Melindatown,6618
241,material,Scottstad,4642
242,company,New Keithberg,8524
243,agreement,Brownstad,8717
244,develop,West Justin,4771
245,message,Fieldsburgh,1736
246,discussion,Stevenberg,7165
247,question,West Taratown,3654
248,help,New Brianton,2747
249,scene,Port Edwinmouth,5883
250,I,Port Patricia,4400
251,effort,Sherrishire,1764
252,common,Port Rodneyview,6534
253,particular,Greenview,8433
254,wife,East Joshuaville,7315
255,school,New Cameronborough,3524
256,offer,Lake Timothytown,6231
257,glass,Port William,3681
258,check,Lopezhaven,4463
259,including,North Vanessa,2352
260,large,West Nathanview,9579
261,part,North Markshire,2985
262,debate,Marychester,8726
263,question,North Paul,2485
264,produce,New Joelport,9276
265,analysis,Paulfurt,2124
266,much,Port David,7622
267,special,Matthewfort,9578
268,family,East Cory,5635
269,would,Ayersside,9799
270,great,Lake Jamieborough,7408
271,performance,Bowenborough,8379
272,part,Holmesstad,3928
273,available,Fowlerhaven,8560
274,voice,West Miranda,7795
275,large,Bartlettmouth,5879
276,represent,North Jenniferchester,4910
277,even,Nicholsbury,6566
278,manager,Hensleyborough,5547
279,enjoy,Sullivanville,7887
280,southern,Port Joyce,7792
281,enjoy,North Jeffreyton,8732
282,agree,Stephenhaven,8867
283,hard,West Nancy,6399
284,today,East Damon,2597
285,stop,Port Joshualand,9806
286,into,Karenberg,1025
287,speak,Michaelchester,3547
288,newspaper,Lake Ronald,7341
289,student,East Jillborough,1103
290,whatever,East Sandra,9896
291,form,South Cory,6220
292,themselves,Smithhaven,9682
293,thank,East Kaitlin,4352
294,effort,Moranbury,4840
295,life,Port Elaine,8305
296,seem,Donaldport,4409
297,blood,Jaimefort,8617
298,right,South Stephen,5112
299,prevent,New Josephmouth,8786
300,hospital,Hudsonstad,7967
301,than,North Jacobstad,5029
302,book,Shawnmouth,4123
303,hard,Port Michaela,4358
304,front,South Rebecca,5674
305,check,South Darrellstad,1862
306,condition,Smithland,8496
307,hot,Owensburgh,7350
308,garden,New Collin,8233
309,hospital,Hartmanville,2292
310,authority,Anneside,6019
311,and,Lake Matthewbury,7347
312,somebody,Port Maryhaven,9728
313,when,Hayneshaven,7887
314,think,Port Frederick,5131
315,sure,West Brianshire,3533
316,term,Leahview,7905
317,tree,North Stevenview,7689
318,treatment,Lake James,8570
319,hand,Schneidershire,9482
320,matter,Morrisstad,6698
321,will,Edwardberg,4906
322,or,Kingtown,1730
323,list,Jayland,6027
324,use,Lake Sarahburgh,3632
325,land,Simmonsfurt,4593
326,instead,North Jeff,7160
327,state,Lake Jasonmouth,1261
328,animal,New Johnburgh,9400
329,us,Curryburgh,4407
330,election,North Samanthatown,6030
331,result,Port Dawnview,9686
332,agreement,New Michaelborough,6263
333,once,West Jennifer,6717
334,manage,Jacquelinefurt,2778
335,hour,Lake Matthew,4669
336,government,West Troy,7095
337,somebody,West Jeffreytown,1397
338,marriage,Smithton,9806
339,dream,West Heather,8745
340,series,Port Shawnville,8678
341,discussion,West Alyssaburgh,8502
342,book,Melaniestad,7756
343,suggest,Beckville,2359
344,morning,Larsonside,9964
345,smile,Oconnorside,6044
346,only,Cisnerosstad,7203
347,health,New Sandra,7999
348,media,Lewisberg,7814
349,phone,Port David,3407
350,one,Andrewsberg,4954
351,various,New Jerry,3479
352,beyond,Shannontown,2352
353,agent,Port Amandaton,3721
354,food,North Karenborough,9218
355,one,Danielville,9637
356,line,West Douglas,1766
357,cold,Rosston,9907
358,other,Lake Jacob,4757
359,station,Wareborough,3893
360,glass,South Kellyberg,3441
361,might,East Kristinaborough,4760
362,science,East Jameschester,3994
363,happy,East Kevin,8739
364,party,Staceyville,3314
365,head,Susanside,2275
366,my,North Troy,1397
367,rich,Lake Kathy,9394
368,relate,Wrightfort,4135
369,save,Griffinview,2809
370,glass,East Taraport,7049
371,listen,North Michaelhaven,5563
372,hundred,West Tanyaview,7605
373,voice,New Elizabeth,3372
374,cost,Knightville,9416
375,hour,Eduardoside,4658
376,season,Allenhaven,2030
377,significant,North Ivanfurt,6330
378,sound,Allenfort,6606
379,produce,New Susan,2249
380,strategy,South Nicoleton,8872
381,room,Evansbury,9617
382,better,North Randyview,8982
383,finish,Gloriatown,4658
384,indeed,Sparksstad,3426
385,whose,Michaelport,9318
386,though,Christinaport,4453
387,seven,Crosbyport,7810
388,not,South Raymond,1543
389,end,Oscarmouth,1611
390,meeting,Davidbury,9651
391,final,Lake Connor,4386
392,fear,Port James,6751
393,build,Lake Markfurt,9105
394,movement,North Stacy,2347
395,with,Port William,5533
396,to,Amyshire,2575
397,raise,Christineville,4913
398,table,Brianview,1393
399,another,Michelleville,7891
400,increase,Lawrencefort,9052
401,my,New Scott,2779
402,particularly,Lake Daniel,5079
403,present,Riveraport,3140
404,civil,West Tracyhaven,3623
405,hear,New Carlos,8681
406,effect,West Rebeccafurt,9237
407,family,Rodriguezland,8038
408,product,Nicholasland,2488
409,upon,Karaburgh,5178
410,inside,Hallborough,4507
411,part,Thompsonview,5863
412,another,South Elizabethton,6850
413,my,Aliciafurt,4633
414,suddenly,Scottberg,4485
415,worker,West Melissa,7630
416,provide,East Tiffany,2788
417,million,West Ashleyville,9865
418,girl,Pagemouth,4977
419,town,East Karl,5386
420,red,Port Cynthiaborough,1919
421,war,Flowersmouth,2347
422,color,Jacksonborough,9770
423,begin,South Robert,5398
424,make,Port Jasonfort,1854
425,affect,Mcguirechester,9764
426,both,Leefurt,2671
427,bit,East Kevin,8884
428,power,Lake Meghanberg,3085
429,factor,Port Randy,6470
430,candidate,Lopezport,2831
431,employee,Port Steve,7785
432,certain,Deanmouth,2485
433,something,Lake Diane,3031
434,five,Abbottmouth,5060
435,head,New Allisonberg,1413
436,poor,New Mary,7423
437,my,Ryanhaven,8738
438,kid,Alexanderfurt,5910
439,bill,Brownborough,6210
440,community,West Kevin,6950
441,conference,New Andreafurt,7571
442,guy,Lake Amanda,8578
443,political,West Christopherchester,2017
444,front,East Julieshire,8169
445,loss,North Kathleenchester,5477
446,few,Port Kellyfort,3884
447,herself,New Adamton,2486
448,actually,Andrewmouth,1803
449,manage,Waltonstad,5576
450,small,Robinville,8019
451,thank,South Brandystad,6765
452,point,Raymondtown,6950
453,education,West Eugeneville,2394
454,role,Rosebury,7897
455,voice,Clarkburgh,3648
456,another,Velazqueztown,4713
457,military,New Josephfort,8564
458,education,Chapmanside,3954
459,current,Hardingborough,9760
460,never,West Neilborough,7346
461,account,Williamsstad,7191
462,message,West Jenna,5261
463,analysis,West Megan,3749
464,group,South Donnaburgh,6304
465,world,Nancyville,3187
466,rate,Lake Thomasview,7996
467,none,Jasonchester,9489
468,budget,Port Heather,1089
469,by,Lake Jamie,7389
470,authority,Christopherview,9907
471,that,Mooreville,8368
472,big,North Gregory,6641
473,part,Torreschester,2731
474,we,Lake Thomas,5256
475,against,Pennyfurt,4688
476,family,Melissaview,5248
477,magazine,Larrytown,1159
478,consider,New Michaelside,5438
479,rather,Millerstad,3255
480,lead,North Robin,9244
481,mention,South Heather,8878
482,meet,Orozcomouth,9608
483,system,New Lisaborough,1152
484,on,Huffmanburgh,4653
485,prepare,Lake Lindastad,5854
486,state,Kennethbury,5050
487,among,Stephaniestad,3563
488,decide,Port Alyssatown,9980
489,policy,North Branditon,1920
490,ball,Maryburgh,9338
491,particular,Brittanytown,3598
492,price,East Manuel,1182
493,fill,Millerchester,1926
494,side,Lake Johnland,7999
495,news,New Davidview,7128
496,which,Port Nathan,4736
497,green,Port Ebony,5068
498,four,Sharonshire,2987
499,save,New Jenniferstad,9767
500,garden,Brandonton,8395
501,challenge,Lauraside,1267
502,take,East Jose,9425
503,compare,Thompsonview,6376
504,else,South Sarah,8292
505,information,Nancybury,7518
506,leader,West Robert,5185
507,may,Stevensmouth,7307
508,you,North Michelleberg,1221
509,attorney,Kennethfort,7081
510,democratic,Carrollstad,3014
511,its,West Janet,8499
512,performance,Melaniemouth,2470
513,class,Elizabethfurt,8368
514,Mrs,New Elizabeth,4466
515,still,West Robertton,4246
516,stage,Margaretfurt,3562
517,television,Andersonmouth,2909
518,southern,North Joanneton,9289
519,tree,Port Devin,2867
520,perhaps,Lake Andrewside,4438
521,political,Penachester,9262
522,cultural,New Darren,4678
523,natural,Janetshire,9197
524,entire,South Roberttown,8417
525,cause,Marshallfurt,2146
526,fund,East Katie,6788
527,none,Jennifermouth,6159
528,add,West Andreabury,6865
529,mouth,Lake Sharon,1790
530,win,North Darrell,2043
531,author,West Eric,2092
532,outside,New Emily,8495
533,walk,Port Matthewfurt,2609
534,foot,Port April,4316
535,detail,West Franciscoport,7257
536,who,West Michelle,3726
537,yard,Payneport,7852
538,child,Michaelfort,7298
539,cold,New Angelica,9234
540,enter,Shahburgh,4837
541,themselves,Arthurmouth,4271
542,these,Laneside,7239
543,nation,South Jasonview,6063
544,style,Bakermouth,2238
545,trouble,Mahoneyfurt,4548
546,ahead,East Jeffrey,8652
547,dog,Denisemouth,8890
548,still,Katrinaside,4098
549,test,New Stephen,2978
550,actually,Masonfort,2566
551,kid,Annabury,1262
552,defense,North Anthony,1432
553,point,Carlahaven,1795
554,personal,Ritaside,2673
555,represent,Jorgemouth,5539
556,day,Ninamouth,1513
557,song,Lake Jared,5211
558,sense,West Linda,6489
559,it,Martinezland,4152
560,next,Port Jamesmouth,3802
561,level,Paulfort,6091
562,pay,West Tannerville,7878
563,along,Lake Kevin,6993
564,perform,Lake Javier,3315
565,fine,Villanuevaborough,3784
566,they,Jacobfort,8242
567,nothing,Millerview,8831
568,detail,Brownchester,3163
569,plant,Williamsport,7341
570,remember,Fisherstad,1276
571,explain,North Coreyfort,9640
572,program,Port Kenneth,7016
573,positive,North Jessicamouth,3467
574,Mr,Richardside,7657
575,story,East Jenniferburgh,9571
576,let,North Meganborough,4150
577,her,Joanneside,7484
578,cause,North Kaylaborough,4466
579,little,Barnesmouth,8104
580,address,Edwardstad,9564
581,mind,Kathleentown,6945
582,technology,Huffview,9349
583,condition,Elizabethmouth,6591
584,his,New Johnhaven,4051
585,new,Brownberg,8718
586,among,North Robertmouth,9081
587,new,New Victoria,5610
588,leg,Port Patriciafurt,5342
589,brother,Munozhaven,9797
590,whole,New Meganland,2779
591,song,Hannahborough,5639
592,movement,Hornefurt,6473
593,else,New Marymouth,6884
594,enjoy,Reginamouth,2410
595,into,Port Jeremy,2384
596,democratic,Lake Phillip,3291
597,analysis,New Michael,7825
598,bad,Hoffmanview,2181
599,down,New Samantha,3820
600,sometimes,Lake Anthony,7256
601,according,Reynoldston,6836
602,wind,Donaldstad,9232
603,check,West Maryshire,8241
604,past,West Justinfort,2681
605,finally,Dunlapview,5083
606,commercial,Bradleyview,9046
607,woman,Wardmouth,6332
608,serve,Ramireztown,1258
609,break,West Erinborough,1565
610,someone,South Traceyville,9752
611,fear,Hughesberg,9463
612,should,South Teresa,3262
613,former,Kevinville,2852
614,ground,Sawyerborough,1421
615,article,New Jessica,6327
616,identify,Michaelport,2665
617,moment,Hernandezberg,5727
618,enter,Blankenshipbury,1578
619,natural,Alvarezfort,3615
620,feel,East Shawnville,9938
621,report,North David,1606
622,participant,Lake Melinda,4853
623,strong,East Collin,8707
624,every,South Deannaview,1830
625,marriage,Joneston,7361
626,throw,New Sherifurt,9982
627,plant,Port Amandamouth,1220
628,school,Kimberlychester,8503
629,ahead,Dalefort,2478
630,since,East Katie,9088
631,bag,Port Patricia,6270
632,sound,New Stephanieton,9761
633,those,North Jennaville,1676
634,collection,West Christopher,3615
635,father,Davidport,6894
636,close,Perezberg,6916
637,purpose,Robertshaven,9341
638,stop,West Sharon,2627
639,you,Sydneymouth,2195
640,certain,Sandraburgh,6219
641,strong,Theresaland,1016
642,push,Estesborough,7986
643,police,Toddmouth,8439
644,strong,Meganborough,4554
645,account,Atkinsonmouth,9641
646,thus,Stephaniebury,4767
647,kid,Danielhaven,1827
648,race,Cannonfurt,3984
649,administration,New Bridget,2869
650,cell,Cookehaven,6686
651,own,Franceston,4463
652,international,North Erikbury,9681
653,walk,Lake Debbie,1719
654,college,Lake Tinafurt,7103
655,arm,South Madisontown,9252
656,recently,Samuelborough,3764
657,matter,Yvetteside,5618
658,strategy,Sheenaview,2423
659,difficult,West Gina,7239
660,off,Johnport,3013
661,knowledge,New Lauramouth,2160
662,give,Wrightside,6060
663,top,New Jennifer,2927
664,answer,Lake Alexandraport,3059
665,administration,Morganbury,4093
666,throw,Port Eric,5545
667,window,Scottstad,2314
668,weight,East Caitlyn,9623
669,billion,Lake Craig,7124
670,put,Jamesmouth,3237
671,late,Port Matthew,9076
672,seven,West Brittany,7912
673,defense,New Brian,2111
674,deal,Jennifermouth,3851
675,sign,Frankville,1541
676,ball,Baileybury,3731
677,head,Larryshire,2940
678,thousand,New Kimberlyburgh,3321
679,rather,Kirkview,7429
680,model,Lake Veronica,6877
681,feeling,Ryanchester,1676
682,house,Alextown,3279
683,final,East Stephanieshire,6878
684,between,Ayalahaven,5488
685,radio,South Douglasbury,7141
686,force,North Amber,4669
687,every,New Desiree,4183
688,rich,South Samantha,5728
689,option,Sarahfort,1233
690,plant,North Kevinhaven,6033
691,girl,North Lynnmouth,3349
692,change,Port Bailey,1385
693,relationship,Barryville,6883
694,population,Lake Davidchester,5541
695,news,Davisfurt,6243
696,agreement,Romeroland,4002
697,wind,Lake Seanbury,3842
698,floor,Simmonshaven,1450
699,laugh,Cordovaton,1543
700,real,Bookermouth,3782
701,heart,Rogermouth,1073
702,yard,West Tracytown,1231
703,under,Stephanieport,3891
704,make,Georgebury,3270
705,civil,Allenburgh,6842
706,determine,South Kevinville,7806
707,truth,Sheriberg,1493
708,him,Port Jamesshire,7656
709,drop,New Sergio,6231
710,all,Alexandramouth,8360
711,media,North Samanthaside,8731
712,memory,West Taylor,2551
713,rule,Bellburgh,2373
714,though,Carrollfurt,9140
715,such,North Deborahbury,3518
716,girl,South Peterburgh,2320
717,whatever,West Dennis,2825
718,exist,South Diana,2918
719,want,North Maureenview,2583
720,finally,South Elizabeth,2823
721,series,Bateshaven,2418
722,practice,East Aaronchester,9358
723,price,New Matthewburgh,9442
724,Democrat,North Mary,3241
725,office,Gordonfort,9131
726,success,Carlosstad,5440
727,something,Kevintown,3864
728,walk,West Scott,9283
729,certainly,South Williammouth,5099
730,guess,South Robyn,3892
731,wrong,Christopherview,9961
732,suffer,South Michaelton,1393
733,car,Contrerasshire,8178
734,market,Angelashire,8192
735,tonight,South Ralph,1570
736,consider,Jerryville,3369
737,wide,Jamesland,5333
738,write,Whiteland,7783
739,truth,Lake Mitchellmouth,7780
740,road,Port Christyton,7204
741,financial,Woodstad,3957
742,parent,North Davidberg,2511
743,hand,Smithland,3481
744,rule,Port Leonard,3254
745,your,Jacobtown,1385
746,Republican,South Nathan,5594
747,beyond,Brownfurt,9247
748,business,Bautistaborough,5302
749,source,Port Pamelashire,5948
750,or,South Mark,3820
751,where,Davisborough,4862
752,will,Port Manuelfort,2884
753,clear,Kylebury,4818
754,ever,Fosterhaven,2933
755,most,Christopherborough,2169
756,measure,Grayville,7998
757,particular,North Karen,8219
758,summer,North Elijah,1165
759,data,West Jessica,8503
760,can,Brettstad,3048
761,tell,Port Michael,1068
762,well,Hallmouth,6784
763,must,Maddenport,9468
764,moment,West Anthonyville,6088
765,development,Perezview,6748
766,skin,Port Jenniferton,2411
767,political,Jenningsborough,4524
768,compare,Port Susan,6344
769,look,Josephbury,8520
770,mission,North Jessica,4977
771,it,Aprilton,8943
772,newspaper,North Lukeview,6686
773,area,Clarkville,7006
774,writer,Port Amyfort,7939
775,former,Middletonton,4655
776,through,East Brandontown,5807
777,throughout,Lake Ericfort,9079
778,word,Troyburgh,8169
779,art,West Brendastad,2513
780,usually,Kaufmanview,8247
781,international,Schmidttown,9249
782,worry,Singhshire,2073
783,develop,Lake Andreafurt,5888
784,situation,Liuview,1437
785,chance,Mcclurechester,3939
786,many,West Aaron,8410
787,environmental,North Dylanland,9661
788,model,Jacksonville,6836
789,drop,Lake Christopher,5592
790,during,South Lauren,1337
791,try,West James,5939
792,southern,Sanfordstad,3736
793,quite,Myersport,1305
794,history,Allenmouth,7687
795,discuss,Vickieside,7726
796,technology,New Cassandraside,9412
797,remain,New Michaelport,6262
798,effort,Jeffreyton,1429
799,bad,Brianfort,1762
800,easy,Seanmouth,9229
801,cause,New Morganmouth,3176
802,number,Richardstad,1042
803,worker,Montgomerymouth,4609
804,impact,South Christopher,9146
805,huge,Lauramouth,9303
806,business,East Christineview,2432
807,season,Scottton,6949
808,represent,Port Roger,2250
809,eight,New Jasonburgh,7192
810,seven,New Stacy,6678
811,that,Melissaton,7398
812,spring,Jonathanhaven,4753
813,whether,New Paul,8495
814,tree,West Christopherstad,1656
815,note,Tuckerton,8037
816,shake,Walkerside,1462
817,green,Jessebury,5640
818,develop,North Margaret,9294
819,free,Williamsland,3248
820,else,South Brandy,5796
821,summer,Hughesville,1907
822,late,New Mary,1764
823,table,Millerland,5720
824,available,New Ronald,3614
825,process,Laurenland,8592
826,conference,Steelestad,9146
827,remain,Smithfort,8375
828,job,Leechester,7543
829,yard,Lake Danaport,6454
830,lose,Andrewview,3056
831,kitchen,North Jamie,8521
832,drop,Reyesborough,9279
833,court,Baileyberg,6008
834,fill,South Carmenmouth,5870
835,against,Harrisville,2259
836,national,Deborahmouth,2055
837,director,West Mercedes,7732
838,industry,Hansenburgh,4173
839,against,Port Johnport,4619
840,will,Julieburgh,3459
841,dream,Brownstad,3702
842,commercial,East Marilyn,8579
843,night,Garciaville,1135
844,boy,Davidsonmouth,9637
845,let,East Kevinborough,3979
846,dark,Jameschester,3656
847,on,Nelsontown,2480
848,trade,New Sean,5707
849,carry,Clarkborough,7802
850,only,Robertport,7112
851,sort,Bendermouth,6119
852,collection,East Jeffmouth,4903
853,factor,East Kimberly,5744
854,decide,Leebury,4664
855,TV,Williamsville,6910
856,talk,East Samuelhaven,5035
857,system,Leeport,7107
858,something,Lake Marc,6486
859,even,Lake Jamesside,3318
860,goal,North Edward,5396
861,pull,Lake Monique,2878
862,clearly,South Maurice,6525
863,level,Christinabury,9376
864,case,Jennifershire,5610
865,official,East Theresaborough,6180
866,sometimes,Karenfort,1168
867,purpose,North Brittany,5485
868,prepare,East Diana,4691
869,important,Marshallhaven,2589
870,by,South Joannaton,4153
871,national,Josephberg,4317
872,conference,Davidville,6706
873,economic,West Cheyennehaven,5288
874,test,Hornborough,1497
875,message,Barrystad,8374
876,state,West Randy,8706
877,west,Alecberg,7180
878,religious,Port Natalieland,2898
879,age,Stuartton,9423
880,think,Russellmouth,3162
881,wait,Walterview,3628
882,interest,Shawnburgh,8484
883,top,Port Davidville,9837
884,education,Nancystad,3520
885,yes,East Angelaport,1380
886,community,Port Diane,6179
887,six,Colleenfort,5389
888,quality,New Shawnaland,5120
889,account,Ericborough,5528
890,program,Martinmouth,9173
891,various,Robertshire,2561
892,after,Jennymouth,8816
893,ten,Port Wayneville,9428
894,similar,Port Jonathan,1158
895,there,New Eric,8570
896,ball,North Kimberly,6362
897,suffer,Grantton,6131
898,provide,Kevinville,2918
899,well,Morgantown,4361
900,along,Mackburgh,2436
901,record,Harveyfurt,8443
902,among,West Jeffreyview,9298
903,outside,Coreytown,9280
904,marriage,Lunaville,5188
905,modern,North Stephanie,2110
906,summer,East Charlesport,5593
907,sing,Jaredland,3083
908,way,Rebekahmouth,4484
909,under,Cherylshire,7385
910,factor,West Matthewmouth,5578
911,mind,Lake Kimberlymouth,6569
912,tree,North Crystal,7561
913,movement,Smithhaven,2730
914,cultural,Tylerhaven,7736
915,whose,Lake Danielland,8267
916,worker,New Michael,4696
917,part,Graymouth,1323
918,along,North Michelletown,4786
919,so,Woodsport,4854
920,sure,Port Davidborough,8875
921,cold,New Nataliechester,7892
922,successful,East Richard,3007
923,leave,Lake Luisland,6465
924,cause,East Rebecca,2755
925,general,Lake Mark,3964
926,lead,Weberstad,4905
927,situation,West Thomas,3885
928,ever,Daviston,9940
929,day,Mariahstad,5254
930,work,North Victoriachester,4034
931,same,New Amberland,6571
932,building,Ellisberg,7751
933,investment,Chloeport,6127
934,require,Owenston,7332
935,put,Lake Carlatown,4256
936,wife,Crossmouth,3335
937,writer,South Kathleenhaven,3852
938,past,Orozcoton,9212
939,huge,Port Robertaton,5614
940,recently,West Laurie,1919
941,writer,Powersmouth,8233
942,to,East Susanville,1349
943,soon,East Eric,1721
944,sea,East Craigbury,7958
945,rather,Fisherstad,9580
946,moment,East Stacey,2064
947,pick,Kellyborough,1102
948,participant,Michaelshire,2649
949,any,Johnsonport,3313
950,gas,East Jodi,3358
951,build,West Amyfurt,7643
952,fund,Joshuaville,3736
953,provide,Blackburnhaven,7077
954,hundred,Terryview,9487
955,generation,Port Jeffery,7139
956,firm,West Darylton,6544
957,similar,Jimmyfurt,3270
958,real,Maloneborough,8975
959,exactly,Port Trevorside,1565
960,away,Lake Michael,8635
961,sound,Angelamouth,6680
962,picture,West Robertville,9120
963,American,New Sean,5800
964,side,Timothyburgh,1672
965,at,Davidport,2665
966,win,Smithfort,5193
967,lay,South Alecberg,4307
968,baby,Holmesmouth,3427
969,me,Ashleyfurt,3323
970,good,Angelicamouth,2166
971,beautiful,Graystad,6227
972,though,Martinside,6109
973,why,Phillipsburgh,6219
974,hear,Carlosstad,1379
975,career,Sarahmouth,3988
976,after,Jillstad,4988
977,protect,Smithhaven,1256
978,public,North Stephen,2464
979,forward,Jessicaburgh,1079
980,usually,Lake Thomas,5743
981,part,Whiteview,6620
982,tend,Mejiahaven,6543
983,as,Port Kelly,4868
984,control,Reneeburgh,2545
985,of,Millerview,2518
986,sing,West Davidview,9956
987,likely,New Gregberg,6286
988,investment,Alvarezfort,3247
989,start,South Christopher,6110
990,spring,Port Ronnie,9445
991,popular,Petersonview,6020
992,remain,North Heather,4170
993,likely,Robertton,1493
994,know,New Jessica,2802
995,peace,Robinshire,1677
996,participant,South Stacyfurt,4351
997,authority,Patrickton,1104
998,product,Wintersfort,6047
999,you,Christopherport,4882
1000,here,North Anne,3171
1001,bag,Matthewville,9514
1002,buy,South Taraport,4169
1003,give,Lake Robinborough,1226
1004,senior,Valeriefurt,4885
1005,early,Lisaberg,7546
1006,central,West Karen,3690
1007,although,South Patrick,6070
1008,day,Lynchland,7458
1009,director,Ramirezville,3987
1010,particular,Powellview,4187
1011,film,New Lindsay,3494
1012,bad,North Patriciamouth,8289
1013,whom,East Donald,3283
1014,successful,South Paigeburgh,8376
1015,since,West Hannah,8948
1016,politics,Lake Patrickchester,5759
1017,PM,Andrewside,2469
1018,ability,Floydstad,5103
1019,catch,Bakerberg,2343
1020,value,East Frankside,8210
1021,fish,Wrightberg,4767
1022,sense,New Traci,9635
1023,throughout,Port Robert,7888
1024,real,Padillashire,1365
1025,kind,Jeffreyton,4930
1026,open,Stephanieshire,9798
1027,study,Jefferyborough,1073
1028,manage,Goodwinside,7974
1029,word,Philipport,6173
1030,answer,Port Jasonport,2963
1031,land,Cooperberg,1032
1032,find,North Rubenborough,1458
1033,east,Kylemouth,2652
1034,particularly,North Jennifer,4423
1035,or,Turnerfurt,3844
1036,every,Leonardbury,7510
1037,environmental,East Jeffery,9010
1038,office,Jonesshire,7775
1039,real,Nicolebury,4873
1040,week,Rileyberg,2797
1041,involve,East Rhonda,3424
1042,Mrs,Schultzstad,1687
1043,accept,Lake Mercedes,1683
1044,side,New Peterfurt,1347
1045,job,Peterburgh,4283
1046,group,Lake Michaeltown,5749
1047,street,Lake Henry,3107
1048,main,South Veronica,8721
1049,space,South Joshuaton,8053
1050,today,Brownfurt,3223
1051,question,South Jasmine,9302
1052,loss,Alexanderville,9470
1053,rate,Lake Andre,9411
1054,eye,Sloanchester,6079
1055,require,Danielsmouth,7032
1056,some,South Rebecca,1365
1057,sit,Randyhaven,7087
1058,race,East Sheila,3044
1059,outside,Laurenville,2205
1060,senior,Annafurt,6948
1061,business,Powersview,3528
1062,less,Victorside,6621
1063,situation,Port Henryshire,8732
1064,suddenly,Oliviaview,5597
1065,medical,Phillipshaven,7278
1066,make,South Angelaland,9593
1067,write,Port James,1043
1068,senior,Dunnland,4833
1069,college,Katieborough,4178
1070,free,West Carrieville,2978
1071,modern,Mooreland,6077
1072,focus,Morrisshire,9989
1073,hand,Lake David,1059
1074,music,Glassmouth,9165
1075,way,Rubioland,4497
1076,enjoy,Morsetown,3603
1077,perhaps,Port Amandamouth,4356
1078,thing,Port Deanna,3960
1079,citizen,Petersonborough,7028
1080,address,New Joshuafort,8915
1081,information,East Williamshire,6037
1082,while,East Williamborough,6212
1083,prepare,Lisaport,1629
1084,the,Jeffreyfort,3416
1085,success,Millsshire,8292
1086,effect,Evansborough,7466
1087,company,Lake Micheal,6408
1088,help,Rowlandfort,3342
1089,executive,Brianfurt,9069
1090,hold,Robertside,1607
1091,walk,Farrellmouth,4557
1092,over,South Jeffrey,5167
1093,tough,Davidville,4936
1094,mention,Ryanstad,5862
1095,want,Carlosborough,5942
1096,show,Jenniferberg,3123
1097,accept,Brittanybury,2872
1098,couple,North Christopherview,6030
1099,food,Phillipberg,7474
1100,shake,Williamsontown,9494
1101,compare,West Debbie,4547
1102,reduce,South Alexanderhaven,6263
1103,check,Susanchester,8808
1104,usually,South Saraland,7211
1105,list,South Jenniferbury,4855
1106,think,West Alisha,2339
1107,cost,Thomashaven,1463
1108,career,New John,3686
1109,choice,Odonnellbury,6638
1110,table,Kelseymouth,1091
1111,whatever,New Josephville,3299
1112,start,Andersonbury,3728
1113,almost,North Richard,7071
1114,up,Jonesmouth,4803
1115,season,Aliciachester,4236
1116,color,New Russellstad,2568
1117,week,South Kevin,4340
1118,door,South Charlesfort,4480
1119,include,East Rachelhaven,8868
1120,establish,Kristafurt,8548
1121,physical,Port Arthur,3336
1122,sense,Brandonside,8530
1123,form,Bradybury,9329
1124,argue,Edwardport,4358
1125,draw,East Adam,3050
1126,company,Whitechester,9065
1127,girl,Phillipsmouth,5975
1128,sing,Rosalesshire,8636
1129,series,Erinchester,4107
1130,seek,Chanside,2747
1131,place,Halltown,2096
1132,art,East Timothyfurt,2588
1133,much,Martinport,9920
1134,push,Lake Mary,7034
1135,range,Floresport,3689
1136,threat,Ronnieville,6631
1137,several,Charlesland,8122
1138,knowledge,Jamesborough,6091
1139,prevent,Donnafurt,9602
1140,prepare,Daisyburgh,6118
1141,toward,Andrewville,8358
1142,at,New Carlos,6974
1143,those,Port Johnshire,6147
1144,among,East Mathewtown,5508
1145,yes,South Marieberg,5892
1146,training,North Randallhaven,9816
1147,most,Williamsstad,3984
1148,protect,Kentshire,1101
1149,much,Martinton,9851
1150,need,Craigbury,1711
1151,recent,Port Markstad,4239
1152,glass,Mariemouth,7043
1153,second,Lake Joeville,3299
1154,fine,East Kyleville,7975
1155,board,Port Mitchell,9475
1156,whose,Andreastad,3908
1157,skill,Lake Chelseaville,4325
1158,power,Jasonfurt,3518
1159,compare,New Pamelaville,7312
1160,together,North Theresa,4548
1161,win,East Kyletown,2257
1162,at,Huangton,1008
1163,certainly,Hicksborough,9597
1164,poor,Williamstad,7925
1165,their,South Brendatown,4310
1166,along,West Carolynfort,2751
1167,source,Henrymouth,8426
1168,usually,Lake Peter,4813
1169,head,Meganborough,8715
1170,north,South Matthew,4846
1171,wish,South Sarah,8767
1172,author,East Samanthamouth,1406
1173,wish,Bishophaven,8629
1174,attack,Melindaton,4318
1175,less,Valenzuelabury,6221
1176,himself,Cruzshire,1427
1177,explain,East Lukeville,9249
1178,job,Nicolehaven,9086
1179,production,New Loriview,2630
1180,fear,West Taylor,5888
1181,unit,Port Vickiehaven,7469
1182,find,Powellchester,8390
1183,page,New Cynthiaside,3222
1184,your,West Craigmouth,6727
1185,no,South James,8239
1186,size,East Christopher,1676
1187,third,New Eric,2011
1188,everyone,Cassandraberg,3013
1189,lot,Cobbhaven,6979
1190,town,Thomasborough,8207
1191,as,Davisburgh,5702
1192,share,West Paul,7755
1193,law,Port Marcuston,9603
1194,memory,Reginatown,9632
1195,culture,South Paul,2030
1196,speech,North Jessica,9561
1197,best,Nancybury,7737
1198,national,North Matthew,3356
1199,hold,South Jasonton,6129
1200,appear,East Hunterside,1537
1201,mission,South Jonathanchester,1363
1202,worker,Port Karenview,3948
1203,practice,West Meghan,2832
1204,like,Port Cynthia,4352
1205,nature,Lopezport,6554
1206,music,Hillfort,4104
1207,business,East Johnview,2899
1208,scientist,East Joanntown,9493
1209,bag,Colemanland,2635
1210,speak,Brownshire,5870
1211,network,Bryanburgh,4249
1212,kid,Loweburgh,3312
1213,city,Bookerbury,6609
1214,its,New Sarah,1368
1215,upon,Lake Maryshire,9029
1216,at,Sharonville,5638
1217,ground,Lake Brianmouth,5479
1218,state,Amandafurt,8368
1219,friend,New Johnview,9018
1220,age,Lake Nicoleberg,2397
1221,marriage,Fisherview,8699
1222,race,South Juanport,1351
1223,many,West Danielchester,3903
1224,these,Annaside,6213
1225,would,East Justin,2016
1226,travel,West Mitchell,3082
1227,consumer,South Matthew,8531
1228,parent,Nathanielside,2615
1229,myself,Boyleshire,2088
1230,deal,Amyburgh,1705
1231,receive,Port Kristina,8232
1232,can,Hollandland,5706
1233,though,Robertstown,9395
1234,tax,Curtisstad,9184
1235,partner,North Kennethburgh,5016
1236,man,West Stephanieland,9832
1237,speak,North Crystal,8782
1238,receive,Anthonyville,2778
1239,current,Jennifertown,9795
1240,simply,New Philip,3155
1241,range,West John,6862
1242,five,Garyhaven,1317
1243,heart,Warrenhaven,2160
1244,against,Meganberg,1148
1245,major,Turnertown,4669
1246,large,Kempport,3238
1247,when,Villarrealberg,3520
1248,many,North Christine,2570
1249,pick,Lorifort,1882
1250,expect,Williamchester,3429
1251,account,Garciafurt,8822
1252,resource,Annshire,7009
1253,across,Hamiltonborough,5020
1254,those,New Jennifer,2966
1255,name,Thomaston,8076
1256,listen,Murphychester,1693
1257,director,Port Zachary,2834
1258,black,Karenview,7488
1259,group,New Williamhaven,6650
1260,city,West Eric,5683
1261,we,Anthonyville,3122
1262,where,Petersside,9683
1263,room,Harveyburgh,5195
1264,against,Angelatown,9617
1265,history,Taylorside,1456
1266,month,Jessicashire,2368
1267,day,Port Troystad,5793
1268,design,Lake David,6842
1269,someone,West Ashley,8012
1270,maintain,Port Sarahfurt,7846
1271,security,New Michaelmouth,1773
1272,approach,East Saraport,7445
1273,alone,Jimenezmouth,7038
1274,need,Allenstad,1719
1275,employee,New Tricialand,4058
1276,knowledge,New Pamelashire,5864
1277,difficult,West Karen,4350
1278,also,Joshuachester,6035
1279,difference,West Tracy,1085
1280,by,West Robertton,1538
1281,nice,Perezborough,6502
1282,today,Lake Jeanettebury,1933
1283,different,Port Jamesbury,5813
1284,third,Kingfurt,1586
1285,girl,Andrewburgh,5976
1286,north,Desireechester,5429
1287,government,North John,9166
1288,much,Davidmouth,6351
1289,hot,Thorntonstad,2602
1290,again,Michaelfort,8028
1291,seven,Erikville,4644
1292,send,Port Brianton,7435
1293,fact,Espinozaborough,6993
1294,sit,Zimmermanmouth,9556
1295,stage,Phillipsborough,2841
1296,above,East Mariahaven,6025
1297,exist,Brittanyshire,7277
1298,record,Melissamouth,2632
1299,wish,Camposberg,8426
1300,record,Shepherdhaven,5916
1301,stock,Port Jenniferland,2447
1302,three,South Kevin,3416
1303,sort,Davidborough,8875
1304,see,Wilsonfurt,5730
1305,address,Victoriatown,6354
1306,possible,East Robertport,6579
1307,relationship,East Susantown,1568
1308,fear,East Mckenziefurt,3514
1309,college,Allenstad,4946
1310,indicate,Georgechester,8339
1311,herself,Armstrongtown,9887
1312,help,Port Ashleymouth,5620
1313,executive,Patriciashire,1633
1314,window,Port Nathanfurt,7761
1315,section,North Erin,3885
1316,sign,North Richardchester,7639
1317,sport,South Julie,6525
1318,usually,Mclaughlinland,4413
1319,skin,Diazburgh,2863
1320,beat,Kimberlyfurt,3009
1321,market,Hendersonland,3717
1322,meet,Port Cynthiaberg,2090
1323,edge,Litown,5548
1324,career,Sandersview,4883
1325,speak,West Maryside,7543
1326,painting,Lake Christopher,7041
1327,board,Mirandafurt,9571
1328,president,Port Hunterview,4815
1329,around,Ruizmouth,8966
1330,among,Davisville,5167
1331,for,Beckerville,4446
1332,describe,Kariburgh,9129
1333,treat,North Emily,1706
1334,property,North Haroldhaven,5813
1335,get,Mathiston,2013
1336,heavy,East Trevortown,7576
1337,age,Lake Steven,3791
1338,early,Lake Miguelfort,6534
1339,coach,New Nathanielland,8356
1340,list,West Jennifer,1882
1341,out,New Kennethmouth,8044
1342,traditional,New Ryantown,6098
1343,win,Morganshire,2596
1344,level,Christineport,6335
1345,yet,New Josephfurt,8480
1346,plant,Matthewfurt,9310
1347,meet,Lake Brian,4505
1348,nice,Lake Cherylberg,9182
1349,describe,Jimmybury,3720
1350,everyone,South Keithfurt,2240
1351,bit,Nathanside,3121
1352,position,New Jodi,8223
1353,surface,Alyssaville,6121
1354,term,Stephaniestad,1564
1355,nearly,East Dianefurt,6762
1356,material,Lake Melissachester,2570
1357,indeed,New Michael,7457
1358,clearly,Port Tracy,7370
1359,after,South Russellburgh,4860
1360,look,Coxmouth,9908
1361,thousand,Karenfurt,3821
1362,traditional,Lawrencemouth,6473
1363,write,Lake Johnny,1641
1364,know,New Sandrabury,9420
1365,whose,Frederickton,7947
1366,get,West Angela,4200
1367,cultural,Davenportside,8331
1368,miss,West Jamesburgh,4528
1369,toward,Shawnchester,1496
1370,light,Lovetown,3661
1371,nation,South Susan,8123
1372,which,Duranstad,9177
1373,less,East Heidiland,7356
1374,hit,New Aimeeville,8302
1375,democratic,Port Deborah,6050
1376,call,Frankstad,5251
1377,early,Port Jessicachester,6100
1378,likely,Chloeton,7560
1379,service,Amyfort,3430
1380,here,Port Daniel,4120
1381,city,New Mallorychester,3885
1382,seven,Clarkton,5552
1383,movie,Lukefurt,9438
1384,grow,Saraland,4182
1385,indicate,Sethborough,1140
1386,wind,South Jenniferton,4986
1387,discover,Lake Dawnmouth,9311
1388,almost,Millermouth,5351
1389,hit,West Michael,3450
1390,total,Whitneyside,6755
1391,series,West Julieburgh,3090
1392,help,North Noah,3186
1393,tree,Brewermouth,7052
1394,computer,New Stephanie,6456
1395,like,Thompsonview,7751
1396,statement,New Nathan,2751
1397,they,North Courtney,8747
1398,sell,North Lynn,5260
1399,speak,Mitchellview,5566
1400,well,Peterberg,6766
1401,choice,Michaelview,7332
1402,agreement,Clarkebury,3529
1403,some,Warrenchester,7341
1404,especially,Mcdonaldburgh,9511
1405,stuff,North Daniellebury,4456
1406,bar,East Amberside,5600
1407,serve,West James,2846
1408,light,Lake Mark,8915
1409,forward,South Loribury,5574
1410,newspaper,North Chadshire,5154
1411,million,Port Jacob,8607
1412,bill,New Vicki,3442
1413,concern,Haynesborough,3219
1414,other,Jaimechester,9022
1415,cut,Brianton,9667
1416,world,South Lori,1296
1417,write,Summertown,8178
1418,either,New Markville,3478
1419,actually,Mendezmouth,6838
1420,somebody,East Allison,8628
1421,land,Palmerborough,3787
1422,line,Port Cheryl,1923
1423,history,Walkerside,1897
1424,choose,Lake Wendy,4638
1425,try,Floresborough,3266
1426,hair,Deckerchester,2092
1427,natural,Philliphaven,1153
1428,pass,East Joshua,7381
1429,your,Adrianaborough,3821
1430,look,Cuevasville,3930
1431,role,Josephhaven,9728
1432,mission,Elizabethmouth,2614
1433,end,Masonfurt,1222
1434,country,Saratown,8315
1435,work,East Courtney,6296
1436,foot,Kristenstad,5244
1437,interesting,Hoodfort,7505
1438,allow,Matthewfort,5644
1439,expect,Lake Francesberg,9636
1440,course,Port Shannonfort,3090
1441,science,Deannaberg,3439
1442,report,New Karen,5031
1443,old,New Jacqueline,5451
1444,financial,North Michael,6710
1445,hundred,Veronicaport,6859
1446,economy,East Caitlinmouth,4124
1447,doctor,Lake Charlesbury,1564
1448,special,Lake Davidton,8929
1449,at,East William,7823
1450,difference,Fowlerborough,4986
1451,away,East John,6695
1452,executive,Ramosland,9941
1453,two,Aliciamouth,4266
1454,everything,Kellyborough,3410
1455,major,South Loganview,4463
1456,feeling,South Kevinland,3214
1457,world,Ryanmouth,3741
1458,agency,New Dylan,5676
1459,off,South James,1135
1460,defense,New Andrewburgh,9859
1461,American,New Kimberlyview,2092
1462,impact,Quinnmouth,5766
1463,leg,Samanthaton,3376
1464,wait,Brownborough,5341
1465,quality,Michellemouth,6549
1466,best,Justinside,9438
1467,mind,North Timothymouth,2096
1468,move,Jonesshire,5323
1469,listen,East Michaelchester,9232
1470,real,North Joyhaven,2647
1471,recent,Ronaldview,8704
1472,piece,Dawnport,2079
1473,cost,Kristinamouth,2261
1474,watch,Poolefort,5073
1475,entire,North Ruth,8054
1476,daughter,Jamesburgh,5724
1477,onto,Jennifertown,2386
1478,several,Erinton,2539
1479,rock,North Angela,7460
1480,public,Ruizside,8422
1481,service,Henrymouth,5796
1482,painting,Grimesland,7563
1483,reach,South Whitney,8000
1484,deep,Janetville,7009
1485,part,Lake Garyberg,7031
1486,language,North Aliciaville,4478
1487,fly,Montgomeryfort,5948
1488,eat,South Keithtown,9793
1489,debate,Debrachester,1341
1490,personal,Lake Jonathan,5285
1491,determine,East Aaron,6373
1492,choose,Nathanshire,2817
1493,eat,Jamesside,4392
1494,approach,Kellerside,1269
1495,democratic,New Laurenview,3249
1496,blood,South Rachael,6190
1497,group,Port Sarachester,4847
1498,edge,Rachelshire,3558
1499,military,North Darren,2320
1500,chair,Sanchezhaven,4017
1501,industry,Joelville,2265
1502,hard,Solisburgh,5967
1503,of,Lake Lauren,8839
1504,situation,Ravenberg,7686
1505,trouble,Kellyborough,3506
1506,long,West Sarah,8566
1507,why,Kaylaburgh,3861
1508,class,West Kimberlyfort,9510
1509,activity,Paynechester,4409
1510,recent,Port Joseph,4595
1511,which,Coopermouth,6384
1512,anyone,South Alexis,7805
1513,experience,Hutchinsonburgh,5943
1514,growth,Smithville,1171
1515,simply,Jamesview,2295
1516,food,Port Cindyton,4341
1517,fall,Aaronborough,4719
1518,physical,West Elizabeth,2782
1519,lose,Michaelport,9599
1520,billion,Rebeccaton,4972
1521,your,Gregoryside,8427
1522,price,West Elaine,2454
1523,ok,Manuelmouth,5494
1524,type,Richardfort,8357
1525,performance,Lake Stephanie,8199
1526,student,East Gregoryside,7606
1527,modern,West George,1042
1528,indicate,North Angela,6009
1529,whatever,Port Michaelhaven,5723
1530,law,Meadowsview,5638
1531,lose,Bakerbury,4835
1532,writer,East Brittanyfort,1101
1533,experience,Port Wanda,2407
1534,design,Castrobury,3434
1535,possible,Wendychester,8083
1536,choose,Lindseymouth,1599
1537,door,Horneton,7062
1538,season,Hughesview,1336
1539,act,South Sethtown,9722
1540,war,Port Davidburgh,4414
1541,miss,East Annborough,3611
1542,again,Lake Roberttown,2615
1543,worker,West Dana,9286
1544,entire,Rodriguezfort,7542
1545,hear,Melodyton,5929
1546,my,Odomstad,3006
1547,discussion,Bryantmouth,2440
1548,keep,Butlerchester,6337
1549,subject,Tarahaven,9426
1550,eight,Lake Chadtown,1194
1551,detail,North Patricia,3295
1552,character,New Savannahfurt,6054
1553,minute,South Aliciachester,6853
1554,this,Lake Noah,9079
1555,resource,Davidshire,5075
1556,board,Mitchellmouth,3371
1557,woman,Jasonville,8607
1558,would,Vanessabury,9575
1559,avoid,New Nicholasbury,1474
1560,age,Port Kenneth,5161
1561,back,North Sarahbury,9001
1562,provide,North Angela,5656
1563,ten,West Jamieport,3583
1564,his,Goodmanstad,8478
1565,week,Port Stephentown,4031
1566,participant,Port Susanburgh,7200
1567,me,Weeksport,2698
1568,perhaps,Brianton,8062
1569,modern,East Rebeccamouth,8714
1570,south,Millermouth,9949
1571,young,North Stephanie,5804
1572,sport,Turnerfurt,2712
1573,politics,Port Francis,1535
1574,Mrs,West Donna,8295
1575,service,Mooreberg,8388
1576,tree,West Wendychester,2968
1577,hit,Careytown,1671
1578,data,Anthonyland,4133
1579,available,North Kerryhaven,2339
1580,many,Ballburgh,8241
1581,you,East Jeffreyberg,3202
1582,some,Leahborough,8937
1583,rich,South Lauren,5725
1584,would,West Morgan,5493
1585,event,West Williamshire,5211
1586,either,New Tammyshire,2485
1587,suggest,Graymouth,6941
1588,partner,Lunaside,8477
1589,call,Lawsonshire,5611
1590,theory,Deckerstad,2136
1591,maybe,Johnsonburgh,7157
1592,task,Lake Elizabethton,4295
1593,PM,West Michael,9364
1594,light,Zacharyshire,2031
1595,single,Port Brian,2828
1596,how,New Chadfort,6881
1597,key,Lake Robertfort,4477
1598,single,North Ryan,8011
1599,newspaper,Port Kristinfurt,1381
1600,more,Mezashire,9498
1601,similar,Krauseville,9355
1602,article,New Loriberg,8522
1603,close,New Erin,7990
1604,full,East Rhonda,5250
1605,coach,New Jeffreyton,4887
1606,option,East Paigemouth,4438
1607,full,Wilsonfurt,7636
1608,bar,Port Josephstad,9265
1609,forget,Lake Julie,7709
1610,close,East Amyton,9211
1611,free,Traciefurt,6072
1612,Congress,South Timothy,7460
1613,we,New Eric,2739
1614,development,Richardfurt,3626
1615,require,Owenshire,9155
1616,student,West Thomas,6860
1617,indicate,Hinestown,3566
1618,tonight,North Jeffreyland,6583
1619,market,West Kurt,9168
1620,wide,Port Trevor,7430
1621,treat,Jessestad,4521
1622,together,Lisamouth,1318
1623,computer,Nicoleshire,1356
1624,center,East Kristinton,5449
1625,chance,Alexanderville,3223
1626,end,South Katie,2626
1627,here,Christinaside,7125
1628,kind,Maldonadoside,2397
1629,large,Smithland,3844
1630,risk,North Hannah,4688
1631,upon,East Seanhaven,1081
1632,apply,Zamoratown,4557
1633,believe,Deniseburgh,7487
1634,score,South Randymouth,5751
1635,chance,South Meredith,2280
1636,industry,Tinaport,4516
1637,together,Johnsonland,8594
1638,value,Claytonport,6725
1639,next,South Melinda,6073
1640,medical,Gilberttown,3827
1641,role,Lake Elijah,9476
1642,class,North Shaun,7516
1643,reality,Jameston,1334
1644,could,Timothyview,5358
1645,series,Gonzalezberg,7681
1646,I,Maynardhaven,6675
1647,do,Tylerville,6013
1648,final,Kennethbury,4622
1649,eat,Brandonview,7283
1650,sing,South Anthony,6040
1651,rather,North Joshua,3794
1652,voice,Lake Jennaville,6832
1653,public,Jamestown,5401
1654,learn,Stevensonborough,8702
1655,who,Lake Rebeccamouth,9496
1656,crime,Hamiltonborough,1385
1657,card,Morganfort,3647
1658,create,Wellsport,7627
1659,recent,Crystalside,6878
1660,employee,Fosterview,4222
1661,deal,Sarahhaven,5928
1662,while,Dannyville,3689
1663,argue,Stephenburgh,2913
1664,professional,Alanside,5261
1665,this,Lake Tony,7361
1666,fly,South Rachel,8725
1667,find,West James,1557
1668,everyone,Lake Monicaside,4763
1669,short,Christophershire,5491
1670,get,Coxside,6002
1671,program,Port Jessicatown,9428
1672,one,Colleenville,2910
1673,special,West Christopher,1538
1674,heart,Janestad,8837
1675,share,New Donna,7869
1676,red,North Madisonfurt,5069
1677,speech,Ballstad,8574
1678,when,Brewerborough,2389
1679,author,North Samanthatown,3740
1680,western,West Brianna,6539
1681,bill,Dennisville,8488
1682,improve,Jenniferport,5990
1683,wide,Keithland,1760
1684,sea,Kimberlyberg,6919
1685,owner,Matthewberg,8960
1686,laugh,Johnsontown,1872
1687,receive,Joshuatown,5398
1688,open,South Brookeborough,5769
1689,memory,Davidport,4438
1690,whether,Collinsville,7513
1691,close,Lake Theresamouth,9260
1692,establish,Dunnshire,2922
1693,population,Allisonmouth,9798
1694,expert,Pettyberg,8171
1695,painting,North Rita,6435
1696,stop,South Stephanie,9164
1697,difficult,Christopherton,5100
1698,mouth,Port Katieside,5497
1699,capital,Lake Brendafurt,9653
1700,just,Wendytown,4851
1701,mention,North Stephanie,3243
1702,own,West Dianatown,1001
1703,similar,Michaelborough,1583
1704,item,Joneston,3070
1705,win,Barryburgh,9883
1706,worry,Cathymouth,3879
1707,daughter,Smithport,4386
1708,few,Port Amanda,9112
1709,particularly,New Jimmytown,6373
1710,politics,Deckerside,4678
1711,put,New Charlesfurt,6598
1712,toward,Port Tracyberg,7990
1713,provide,Kathleenstad,3405
1714,cup,Jonesview,5100
1715,raise,Daltontown,4156
1716,suffer,East Jodifurt,4537
1717,education,East Jillianfurt,4038
1718,section,Suzanneview,1643
1719,run,Wallville,2834
1720,discussion,Khanberg,6670
1721,team,New Jenniferfurt,8076
1722,task,Leehaven,4140
1723,number,East Dale,7368
1724,act,Port Tammy,4142
1725,process,Port Kenneth,6032
1726,foreign,West Sierra,3285
1727,language,New Zoeshire,4593
1728,western,Rojasview,2360
1729,vote,New Anna,6721
1730,place,Williamchester,6639
1731,summer,Nelsonmouth,6106
1732,structure,Johnsonton,9008
1733,stuff,South Sarahshire,7330
1734,thus,Samanthabury,4929
1735,firm,Deanville,5673
1736,company,Ashleyburgh,1558
1737,husband,New John,7872
1738,without,North Sandra,6522
1739,change,Romeroburgh,5607
1740,enter,Burgessside,9075
1741,college,Rodriguezland,9916
1742,year,West Dylanton,5387
1743,on,Deleonberg,9825
1744,glass,South Zacharystad,1578
1745,work,Paulville,4222
1746,morning,New Donna,9212
1747,force,East Rose,7757
1748,win,New Nicholeberg,4390
1749,step,Barryland,2797
1750,agree,Jamesview,9719
1751,dinner,Lake Zachary,6531
1752,bring,Catherinestad,5370
1753,television,Port Rhonda,9753
1754,PM,Knightside,7943
1755,note,Port Jasonhaven,2684
1756,usually,Shellyport,6384
1757,push,Morseside,1848
1758,maybe,Port Keith,3733
1759,institution,Kristenfurt,2540
1760,nor,Nicoleberg,9169
1761,floor,Josephbury,7954
1762,name,New Sethhaven,3945
1763,clear,New Vanessamouth,8357
1764,bank,Marshallside,4099
1765,language,North Brianafort,7280
1766,several,Reedview,4869
1767,compare,Ortizview,7147
1768,tree,Samanthaton,5191
1769,movie,East Michelle,9574
1770,way,Jonesfurt,1110
1771,subject,New Normaport,7080
1772,system,South Renee,7025
1773,central,New Matthew,4397
1774,market,Samuelland,6909
1775,plant,Michaelmouth,8688
1776,computer,Kristinaland,6040
1777,hour,North Jennifertown,3872
1778,detail,Mccoyville,1301
1779,teach,Kimberlyhaven,1604
1780,act,Lake Mariahaven,1335
1781,century,East Davidton,2567
1782,southern,East Kimberly,1753
1783,camera,South Donald,4614
1784,market,Gonzalezmouth,1321
1785,view,Lopezview,1879
1786,reveal,North Danielberg,4782
1787,herself,Jeffreystad,2031
1788,significant,New Travis,6221
1789,commercial,Johnsonstad,2437
1790,personal,Elizabethfurt,9074
1791,we,Matthewbury,2170
1792,become,South Alicia,7619
1793,talk,Lake Matthewport,3648
1794,back,Lake Tara,6169
1795,professor,Lake Annaland,6497
1796,officer,Brownberg,1251
1797,behavior,Sandraview,3315
1798,ball,Ethanborough,4492
1799,compare,East Michelle,8897
1800,space,Julieton,9040
1801,plant,East David,5942
1802,else,New Michaelland,5851
1803,three,Donnafort,6032
1804,decision,East Henry,4289
1805,point,Mcdowellville,4897
1806,cup,Deborahborough,8697
1807,will,North Marcus,2428
1808,over,Alanchester,9610
1809,college,Ruizstad,4178
1810,safe,Jacksonhaven,9019
1811,present,Dixontown,4553
1812,gun,Loriport,3978
1813,minute,Lake Laurahaven,6814
1814,cultural,Destinyside,4800
1815,security,Lake Mirandaland,5418
1816,least,Seanfurt,9732
1817,chance,Wilsonside,8129
1818,whole,Davidfort,1586
1819,last,North Charles,5395
1820,follow,West Jenniferton,2132
1821,structure,New Anthonymouth,3102
1822,lot,Hoganton,8677
1823,before,Veronicaview,5532
1824,section,Brandonview,4313
1825,environmental,Lake Timothybury,5832
1826,line,Jensenbury,7095
1827,join,Thomasport,7696
1828,water,North Erin,7907
1829,fact,East Davidville,2916
1830,pull,New Emily,7587
1831,amount,Thomaston,5132
1832,matter,Annastad,4291
1833,off,Olsenside,2481
1834,today,Michaelland,2835
1835,cultural,Lake Jamesfort,3395
1836,certainly,Port Angela,7014
1837,statement,Lake Charlesborough,3604
1838,off,Christophermouth,9091
1839,baby,Anthonyport,1412
1840,phone,New Timothyton,2856
1841,success,Lake Savannah,4828
1842,cover,North Ronaldhaven,3283
1843,score,Josephbury,1704
1844,authority,Lake Sharon,6896
1845,learn,South Paul,9465
1846,cut,Christianfort,6060
1847,century,Briannabury,4447
1848,event,Jessicaside,7795
1849,he,South Elizabeth,3429
1850,positive,Stephanietown,7618
1851,seem,Lake Kathyhaven,8605
1852,offer,Campbellfurt,4732
1853,see,Gentryborough,7989
1854,style,Morganfort,3937
1855,help,New Elizabeth,7630
1856,black,Cassiestad,9146
1857,ago,Fosterburgh,2070
1858,trade,Jesseport,4956
1859,firm,Port Michaelberg,5860
1860,task,Lake Josephbury,7141
1861,sister,Harrismouth,1025
1862,particularly,Smithfort,8628
1863,with,Lake Kellyfurt,7154
1864,marriage,Philipburgh,6507
1865,term,Lauraton,6964
1866,success,Ryanshire,4508
1867,approach,Robertsonborough,1591
1868,with,New Patrick,9880
1869,heart,Lake Daniel,1100
1870,writer,South Brianville,6471
1871,question,West Jessica,2949
1872,sound,Codyland,9486
1873,main,South Charles,7125
1874,chair,Port Christinaburgh,8880
1875,of,Gibbsburgh,7319
1876,heavy,Alanberg,7319
1877,figure,East Alexandra,3073
1878,point,East David,2789
1879,fight,Washingtonberg,4392
1880,speech,Danielbury,3514
1881,so,Martinland,9903
1882,avoid,Brooksfurt,3583
1883,him,South Regina,2258
1884,method,East Jesse,4429
1885,candidate,Tinamouth,1822
1886,start,North Christopher,2181
1887,staff,West Craig,1483
1888,including,Hollymouth,2998
1889,together,Richardsonside,6116
1890,sort,Murraytown,9287
1891,only,Riveramouth,6734
1892,trade,Beckstad,4018
1893,leave,Jacksonton,2119
1894,history,Donaldburgh,2911
1895,order,Goodwinland,7913
1896,nature,Angiemouth,1922
1897,whatever,Christianview,4373
1898,beautiful,Port Sherry,3046
1899,impact,Cookefurt,5673
1900,per,Stephenchester,1031
1901,decade,Tuckerbury,1997
1902,ready,Jasmineside,3007
1903,south,Westborough,6568
1904,energy,Cooleymouth,2071
1905,reveal,Steeleshire,7816
1906,reach,Leachburgh,1819
1907,PM,Christopherborough,8607
1908,great,New Joshuaburgh,1629
1909,store,Sharonside,7239
1910,product,Clintonbury,9933
1911,white,Martinport,1400
1912,our,East Julie,9173
1913,front,Petersonbury,4869
1914,would,Lake Johnport,3307
1915,matter,Lake Edgarland,8597
1916,more,North John,2636
1917,front,North Laurenview,2028
1918,room,South James,7368
1919,inside,Christopherview,3954
1920,cultural,Port Karen,2819
1921,idea,Kimberlyburgh,4662
1922,director,Willisport,1823
1923,course,North Jennaton,8519
1924,message,South Mark,2376
1925,politics,North Donaldview,2007
1926,about,South Michaelshire,3142
1927,industry,Seanport,1143
1928,summer,Alexanderhaven,3598
1929,book,Christinetown,1805
1930,training,West Clifford,3640
1931,even,Gardnerborough,7811
1932,call,Lake Joseph,4661
1933,color,Sandraville,2942
1934,world,Jamesfurt,7565
1935,lose,Port Ashleyville,1640
1936,themselves,West Markmouth,3311
1937,fly,Heatherport,5469
1938,official,East Lucashaven,4611
1939,education,Lake Ashley,4485
1940,price,Micheletown,2219
1941,term,East Michael,4037
1942,increase,Wilsonstad,7561
1943,recent,Phillipsburgh,5245
1944,wear,West Jesusbury,1556
1945,partner,Carolshire,2887
1946,onto,Colonfort,9661
1947,discussion,Brandiborough,8001
1948,star,Port Jacobton,1244
1949,someone,Port Michaelbury,4843
1950,project,Markston,8132
1951,property,South Davidside,5842
1952,back,North Kevinmouth,3444
1953,building,Edwardfurt,3067
1954,detail,Port Maryborough,7742
1955,others,Adriennechester,5176
1956,today,Shawnchester,7411
1957,see,East Alexander,6507
1958,story,North Codyberg,5434
1959,design,Colemanborough,2004
1960,minute,Bushport,6751
1961,this,Mollyview,9690
1962,sing,North Jonathan,1379
1963,argue,Lake Kristen,6582
1964,instead,Charlesburgh,4685
1965,surface,South David,6815
1966,section,Curtisberg,6837
1967,give,New Christophertown,1992
1968,production,South David,7922
1969,build,Adamport,2035
1970,worry,North Andrea,5111
1971,this,West Danielside,7799
1972,perhaps,South Jenniferton,4471
1973,east,North Abigailmouth,4631
1974,capital,Ericchester,2515
1975,against,North Brandi,4716
1976,both,Marissaside,6090
1977,bed,Lake Randallstad,4875
1978,technology,Torresfort,7920
1979,majority,Maryburgh,2339
1980,myself,Brianfurt,7248
1981,phone,Lake Michael,7389
1982,others,East Dustinstad,1415
1983,arrive,South Craigchester,3115
1984,able,Johnchester,8143
1985,tax,Murphyhaven,3533
1986,article,East Sonyaborough,1779
1987,follow,West Joanna,9772
1988,hot,Alisonbury,8199
1989,do,Cookfurt,2616
1990,finally,Port Candicetown,2812
1991,what,Davidborough,4236
1992,gun,New Sue,8935
1993,travel,New Robertborough,9194
1994,enter,Lake Stephanieborough,5755
1995,food,West Williamfurt,5316
1996,fact,Port Debbieview,6649
1997,spring,Port Robertfort,2858
1998,fast,New Shawn,1145
1999,expect,Kellyland,1887
2000,more,Robbinsview,5143
2001,lead,Hernandezstad,2563
2002,buy,Port Alexis,6119
2003,identify,Laurentown,2954
2004,could,West Alexanderhaven,2837
2005,back,North Michaelmouth,1973
2006,cold,Dukemouth,8483
2007,effort,New Jessicafurt,3538
2008,party,Courtneyton,2026
2009,where,Lake Toddchester,4550
2010,contain,East Patrickchester,6945
2011,son,Samanthaport,3833
2012,soldier,Hallland,2731
2013,health,Port Anthonychester,4113
2014,husband,Harrisburgh,3316
2015,current,Reedfort,4725
2016,number,East Connietown,8513
2017,remain,Murrayshire,9712
2018,fish,East Cynthiaberg,1709
2019,method,East Meganville,3378
2020,each,East Mario,6162
2021,fill,North Tiffany,1085
2022,specific,East Jerry,5472
2023,tonight,West Sharonview,7724
2024,floor,Janetview,9620
2025,medical,North Angela,5813
2026,score,Emilyside,8334
2027,surface,South Roger,1054
2028,so,Chapmanborough,1410
2029,opportunity,Mcdonaldfurt,7988
2030,major,Millertown,3124
2031,everyone,Cassandraton,8691
2032,front,Williamshire,8049
2033,movie,North Jennifer,6708
2034,church,Christopherport,2562
2035,memory,Alexstad,4031
2036,opportunity,New Richardchester,5704
2037,owner,Courtneyborough,1902
2038,environmental,Davisberg,2283
2039,material,Port Samantha,3989
2040,white,Andrewland,2948
2041,like,West Maria,9635
2042,arm,South Patrick,3433
2043,contain,West Nataliemouth,6045
2044,cold,South Codymouth,9214
2045,anything,Lake Taylor,7936
2046,reduce,Smithfort,2010
2047,throw,West Patrick,4279
2048,compare,Bergerhaven,4271
2049,local,Briannaburgh,5729
2050,audience,Suzannefort,9729
2051,under,Patriciaborough,6471
2052,involve,New Mark,8597
2053,whom,Kristinaberg,7269
2054,eat,South Chloe,6767
2055,develop,Kimview,6610
2056,operation,South Angela,3760
2057,modern,Yolandamouth,4162
2058,church,Racheltown,3633
2059,everyone,Port Ronaldfort,1012
2060,or,Ashleyburgh,4134
2061,teacher,South Alexis,7989
2062,leave,Diazview,4854
2063,risk,East John,4857
2064,act,Lewistown,7265
2065,market,West Jennifer,9870
2066,same,Port Dustinberg,1231
2067,student,New Jamesfurt,2471
2068,here,Fisherchester,2710
2069,become,Amberton,5704
2070,anything,Gonzalesfurt,4129
2071,his,Graymouth,7371
2072,else,Cohenton,4829
2073,increase,East Scottborough,4512
2074,nearly,North Jennifer,6497
2075,race,Karlaborough,4405
2076,baby,New Stevenborough,2628
2077,arm,Smithstad,6847
2078,series,Gonzalezside,1365
2079,upon,Jessetown,3603
2080,young,Bradleyview,4463
2081,interview,West Robertland,5719
2082,international,Wilsonchester,10000
2083,second,Lake Andrewport,4670
2084,choice,Barberchester,5288
2085,sure,South Jenniferborough,5097
2086,but,Sherrimouth,9879
2087,local,North Ashleyshire,7769
2088,environment,Donaldmouth,7800
2089,beyond,Seanside,4485
2090,there,North Matthew,6411
2091,girl,Jonstad,4918
2092,fear,Sandraside,4548
2093,between,Lake Aprilport,4512
2094,well,West Laurentown,2480
2095,development,East Jordanmouth,2002
2096,anyone,North Frank,2903
2097,indicate,East Maryport,8516
2098,a,Huntton,1007
2099,approach,Smithville,7938
2100,painting,North Edwardburgh,7792
2101,hold,Jeremyland,9741
2102,level,South Karenview,8253
2103,suggest,Solismouth,3015
2104,according,Maryborough,1647
2105,our,Christinemouth,1078
2106,relate,South Brooke,9307
2107,since,Stewartshire,7402
2108,old,North Trevorville,2332
2109,western,Stevenland,8319
2110,pattern,Port Paul,9341
2111,practice,Sarahburgh,6310
2112,north,Jenniferfurt,5068
2113,forward,Teresaside,6246
2114,purpose,West Jim,6586
2115,nothing,Hoffmantown,5866
2116,whose,New Amy,2275
2117,soon,Sandramouth,1950
2118,arrive,Erinstad,5785
2119,build,Shermanville,3037
2120,record,Fosterborough,1481
2121,include,New Nicoleshire,4974
2122,center,East Jason,2467
2123,rise,Torresfort,6651
2124,trip,Danielmouth,8522
2125,TV,New Danielle,1777
2126,director,Andrewston,2531
2127,its,Brandonview,5982
2128,risk,Bennetthaven,3857
2129,several,Port Mitchell,3801
2130,matter,Lake Reginafort,5986
2131,speak,Harrisside,1166
2132,science,South Albertstad,2472
2133,your,Payneport,4694
2134,use,Lake Loristad,1575
2135,special,Peterfurt,7573
2136,than,Lake Michael,4080
2137,increase,Lake Cherylmouth,8340
2138,clearly,Grayshire,6714
2139,sea,Kington,9378
2140,must,Cummingsmouth,5087
2141,painting,West Jenniferview,4170
2142,it,Rachelton,5894
2143,professor,Justinchester,2137
2144,another,Rachelport,4895
2145,animal,Lopezview,5365
2146,choice,Hornestad,4509
2147,your,Lake Joshualand,6134
2148,possible,Hensleyview,8448
2149,resource,East Charles,7805
2150,now,Susanton,7814
2151,reason,Port Mark,6081
2152,wind,Wadeview,2538
2153,sometimes,South Melissamouth,6224
2154,explain,Derekside,6305
2155,so,West Karenfurt,7679
2156,card,New Kristen,6628
2157,board,Port Olivia,7926
2158,nation,Lake Caitlinton,6484
2159,answer,East Leahport,6026
2160,build,Timothyburgh,2938
2161,eye,Clarkbury,2983
2162,will,West Kathryn,5669
2163,him,Martinezton,4775
2164,case,North Tamaraborough,2905
2165,reflect,Oliverfurt,5384
2166,shoulder,East Hayleymouth,1207
2167,task,Lake Travis,7751
2168,common,South Garrettview,8809
2169,character,Markville,4566
2170,cold,Port Michaelview,6755
2171,long,Anthonychester,8703
2172,product,South James,4556
2173,wait,Lake Peter,3367
2174,contain,Port Susan,2876
2175,television,North Cassandraland,5203
2176,under,East Thomas,1984
2177,explain,Williamsfort,8829
2178,wear,Shawntown,3784
2179,left,South Christopherside,8621
2180,chance,Leahborough,5530
2181,factor,South Masonmouth,3367
2182,environment,Francoport,1257
2183,through,Port Timothy,9255
2184,listen,Wilsonton,6147
2185,protect,Lake Geraldmouth,3347
2186,standard,Angelaburgh,7512
2187,any,Greenfurt,8841
2188,might,Ibarrashire,6186
2189,state,Lake Mike,9277
2190,girl,East Vernon,1619
2191,rich,Bradleyberg,7547
2192,father,Debbietown,8076
2193,commercial,Ryanhaven,7238
2194,generation,South Matthewstad,4474
2195,available,New Kristen,8528
2196,place,Grahamside,1234
2197,reason,Drewfort,8516
2198,between,New John,6061
2199,finally,Thomasside,6501
2200,itself,Lake Willie,1984
2201,foot,East Thomas,7873
2202,piece,Stevenview,8119
2203,power,Davismouth,8349
2204,scene,Benjaminside,6109
2205,two,Hallmouth,6305
2206,dog,Virginiabury,7135
2207,music,North Robertmouth,5167
2208,also,New Donaldstad,4714
2209,certainly,Joshuafort,6611
2210,against,Craigton,8310
2211,reduce,Brianshire,2554
2212,second,New Teresaside,3125
2213,participant,Sheilaside,2929
2214,change,South Erin,7251
2215,home,Maciasshire,6961
2216,defense,Hannahview,8794
2217,any,East Elizabeth,2176
2218,parent,New Charles,6761
2219,three,East Raymond,7025
2220,before,North Nicoleton,4564
2221,discover,Smithbury,8783
2222,how,Donaldborough,8638
2223,find,New Jacobtown,8909
2224,speak,Moyerberg,3497
2225,energy,Lisaborough,6826
2226,TV,Heathermouth,4651
2227,benefit,Christyshire,2119
2228,interview,West Dwayne,3897
2229,stuff,Port Austinstad,7171
2230,everybody,Mayomouth,3732
2231,industry,Wrightfurt,3812
2232,fish,Andrewville,2278
2233,learn,Kathychester,6295
2234,modern,Millsside,4906
2235,able,Lake Brandi,8236
2236,night,West Randy,6804
2237,feeling,South Jesse,5696
2238,light,Brittanymouth,6345
2239,himself,Leeville,4962
2240,side,New Nathan,1388
2241,spring,Whitakerport,8337
2242,trade,West Hannah,2291
2243,perhaps,Brittanyshire,9127
2244,after,Lambland,5408
2245,least,Cindyfurt,3311
2246,set,South Russellburgh,1907
2247,goal,Dixonton,3085
2248,leader,Edwardsland,7432
2249,heavy,Pettyland,7528
2250,small,Vegafort,3934
2251,kid,Crossshire,1148
2252,option,Jameshaven,2922
2253,road,Brittanyhaven,5803
2254,positive,Justinland,7859
2255,rock,New Rebeccaberg,3990
2256,nothing,Jillview,5705
2257,probably,Catherinestad,9092
2258,chair,Lake Ellen,8246
2259,true,East Edward,4216
2260,charge,North Stacyhaven,8393
2261,toward,Lake Thomasport,8972
2262,rate,Port Kaitlinmouth,7308
2263,police,West Angelaland,7002
2264,painting,East Amanda,5480
2265,expect,South Larryborough,9455
2266,century,South Tara,3669
2267,hour,East Jenniferville,1186
2268,data,Jonesshire,7423
2269,style,Madisonfurt,3466
2270,seem,Port Zacharytown,7680
2271,get,East Billyfort,5670
2272,than,Shannonborough,7985
2273,most,New Madisonview,7521
2274,clear,Georgefurt,3399
2275,theory,Lindseybury,7259
2276,baby,Williamchester,1889
2277,brother,East Nancy,3561
2278,school,Jacksonport,5822
2279,effort,Hermanmouth,4378
2280,open,Lake Heather,9109
2281,people,New Morgan,6451
2282,reality,Josephmouth,9845
2283,maybe,East Lindseyhaven,3773
2284,environmental,Baileyfort,6717
2285,follow,Grahamland,4401
2286,on,West Jeromemouth,4985
2287,per,Port Michaelbury,5650
2288,soldier,East Christina,8705
2289,news,Johnberg,1631
2290,billion,Griffinport,5983
2291,among,East Roberthaven,6451
2292,turn,North Bonniefort,6768
2293,various,Gilmoreberg,8829
2294,none,Michaelfort,4546
2295,who,Wisefurt,2903
2296,enter,East Linda,9340
2297,care,Port Melanie,9318
2298,simply,Port John,6014
2299,civil,Port Josephville,1439
2300,radio,West Edward,1050
2301,parent,Michaelbury,4396
2302,five,Port Elizabethland,5918
2303,available,New Michael,7325
2304,glass,North Shaunfort,3011
2305,war,Tylerview,7410
2306,tend,West Paulatown,2925
2307,happy,Woodardtown,9245
2308,grow,West Claudia,9567
2309,inside,East Monica,5206
2310,general,New Danielborough,3703
2311,argue,Ramosborough,4217
2312,short,Port Ashley,9739
2313,car,Lisaborough,9126
2314,contain,Davidview,9840
2315,get,North Julie,4368
2316,instead,Espinozaborough,1754
2317,if,Douglashaven,9290
2318,task,Ronaldborough,1804
2319,spring,Jacksonfort,2403
2320,sit,West Courtney,6005
2321,ok,Villanuevaburgh,3388
2322,item,South Kaitlynview,5453
2323,thus,South Sheila,9298
2324,my,Lake Andrewburgh,6203
2325,education,Lake Jodyhaven,8976
2326,reason,North Rebeccaton,8660
2327,test,South Sherry,6457
2328,hit,East Katherine,6837
2329,father,South Sean,5332
2330,morning,Wareborough,8620
2331,financial,Danielmouth,2276
2332,dark,Lake Savannahburgh,3939
2333,bit,Andersonview,2881
2334,never,Lake Paulshire,4281
2335,growth,Maldonadofort,9754
2336,happy,Marymouth,9085
2337,middle,Port Anna,4367
2338,head,Port Anthony,3512
2339,raise,Guzmanland,3457
2340,next,New Marilynburgh,1569
2341,still,Romerofort,3519
2342,set,Jacksonfort,6945
2343,education,Grantborough,6045
2344,window,Kimside,5817
2345,reflect,East Aaronmouth,2319
2346,task,Amyport,6984
2347,past,Phillipsville,9289
2348,over,West Cameronmouth,8955
2349,chair,Lake Erin,6763
2350,through,Monicahaven,2587
2351,although,East Brianland,7113
2352,so,Lake Phillipville,5875
2353,event,Morgantown,1772
2354,yourself,New Jennifermouth,2815
2355,among,Port Meredithborough,6347
2356,try,Osbornton,2141
2357,happy,New Christineshire,1541
2358,want,North Bryanborough,6111
2359,small,West Erinshire,2031
2360,skin,Youngview,8281
2361,then,Salinasfort,1871
2362,government,South Christineberg,6746
2363,situation,Port Cindy,4995
2364,form,West Brett,5520
2365,again,West Daniel,3645
2366,town,Wrightside,7146
2367,will,Paulhaven,1110
2368,discover,Randyside,9649
2369,close,West Kaitlin,6606
2370,himself,East Thomas,8488
2371,no,East Joyceton,9082
2372,radio,East Patriciashire,9779
2373,agreement,Meghantown,2406
2374,difficult,Johnsonfort,4358
2375,interest,Jenniferstad,9686
2376,friend,Ramosfurt,1917
2377,public,Gallagherfurt,2994
2378,ten,West Jeffrey,8531
2379,probably,Martinburgh,4474
2380,seven,South Anna,2826
2381,deep,Saramouth,8494
2382,finally,Port Randyfurt,6061
2383,onto,East Jonathanfort,7575
2384,matter,West James,6574
2385,newspaper,New Jamesstad,8025
2386,second,East Robert,9212
2387,mind,West Rodneyshire,2079
2388,cell,West Lisa,3483
2389,great,Simpsonmouth,2033
2390,reflect,Amberbury,8848
2391,phone,Alecberg,1228
2392,of,Port Ronnietown,8285
2393,community,Stevenberg,6298
2394,of,Kristiefort,4042
2395,behind,Lake Jasonbury,7500
2396,simply,Lake Jodiborough,9654
2397,dinner,Moralesfurt,2967
2398,resource,East Alexisville,1766
2399,feeling,North Andrewport,6290
2400,draw,Williamsview,9303
2401,decide,Smithhaven,2328
2402,card,Port Emilymouth,1985
2403,focus,South Gregory,2020
2404,support,Lake Robertaside,2023
2405,maintain,Nicolestad,9831
2406,rise,Thomashaven,7833
2407,not,West Chelsea,6494
2408,begin,North Adam,3019
2409,east,Jeanettemouth,8867
2410,whatever,Lake Lisa,7231
2411,alone,Alexanderbury,5306
2412,near,Lawsonfort,3603
2413,reveal,New John,6776
2414,source,Karenstad,2924
2415,radio,Fergusonchester,5810
2416,skin,Port Nicholas,5837
2417,phone,New Laurabury,8568
2418,vote,Holttown,2300
2419,water,Washingtonmouth,7672
2420,huge,Nelsonbury,6195
2421,our,Lake Collin,6380
2422,about,Shawnborough,3657
2423,him,New Benjamin,7525
2424,along,East Alex,4897
2425,well,South Bernardburgh,4195
2426,fight,Port Patricia,6220
2427,crime,South Jeffery,4747
2428,organization,Lake Dylan,2865
2429,little,South Justinland,7155
2430,city,North James,7473
2431,blood,East Jaredbury,1596
2432,too,Shariport,9776
2433,well,Cisnerosmouth,5457
2434,he,South Tinaburgh,5403
2435,south,Elizabethfurt,5963
2436,somebody,Simonside,3848
2437,simply,North Gregorystad,6521
2438,hope,Adamsburgh,2891
2439,time,Kevinstad,8371
2440,next,Jenniferfort,7586
2441,consumer,Benjaminville,2124
2442,teacher,Casetown,1495
2443,task,New Karenfurt,4728
2444,more,East Amanda,2797
2445,box,Kimberlybury,5858
2446,become,North Tiffanystad,4815
2447,present,South Lisaport,1372
2448,cultural,Lake Michael,7289
2449,scientist,Williamsburgh,3186
2450,enjoy,North Amanda,2664
2451,win,Gravesfurt,7304
2452,fact,New Mariofurt,8077
2453,heavy,Stevensview,1223
2454,model,Port Jenna,1244
2455,official,Lake Mistychester,3728
2456,range,North Markville,3861
2457,bill,Brooksshire,5617
2458,painting,Aliciashire,6878
2459,evening,Haleyshire,1660
2460,difficult,South Amy,9446
2461,gun,West Kevinmouth,1268
2462,improve,Carrmouth,2813
2463,memory,Rodriguezmouth,2814
2464,place,Christopherfurt,3133
2465,ask,Smithville,6478
2466,discussion,Makaylaview,6556
2467,cup,Adamstad,6683
2468,there,Lake Michelle,7523
2469,within,Port Williamhaven,8595
2470,table,North Christopherburgh,5224
2471,because,Port Dennis,4117
2472,support,South Thomas,1822
2473,job,Lauriechester,5280
2474,exactly,South Brittany,7538
2475,truth,Colemouth,8804
2476,process,Lewisshire,2308
2477,pick,North Fred,9360
2478,enter,Ethanmouth,3107
2479,walk,Morgantown,1213
2480,rise,East Danielfurt,1374
2481,fact,Erikside,3149
2482,item,Daniellemouth,8658
2483,pick,Dannyburgh,8456
2484,investment,Taylorburgh,1002
2485,certainly,South Paul,5684
2486,federal,Woodmouth,7562
2487,already,North Adam,1217
2488,support,South Hollyborough,8392
2489,plan,Martinezchester,7866
2490,lay,North Brenda,2847
2491,draw,Cartertown,8827
2492,brother,Millerborough,5729
2493,likely,Hallborough,6206
2494,hair,Lake Darren,1533
2495,pull,Lake Larry,8239
2496,law,Stephanieberg,5879
2497,their,Lake Stephanieside,3027
2498,environment,Josephfurt,8946
2499,say,South Ruth,7977
2500,carry,Websterside,2924
2501,prevent,Jessicatown,7330
2502,charge,South Kimberlyberg,4564
2503,consider,West Tracy,9332
2504,follow,Parrishmouth,3104
2505,early,Lake Travisview,9811
2506,young,Wilcoxbury,2877
2507,hope,Taylorchester,2853
2508,three,Garrettton,7661
2509,compare,Wilsonchester,3737
2510,customer,West Anthony,2220
2511,because,South Christine,6556
2512,agency,Elizabethtown,8057
2513,plant,Flemingstad,4141
2514,race,Jeremiahmouth,9515
2515,fact,Meyerview,3753
2516,this,Anthonyville,9338
2517,cold,Thompsonfurt,1147
2518,campaign,East Sheila,3457
2519,year,Lake Alejandro,5978
2520,method,Lake Jonathanview,4009
2521,month,Katherineview,1114
2522,himself,Palmerstad,5747
2523,than,New Jimmy,9029
2524,part,Walterburgh,1570
2525,grow,Davidview,4245
2526,pay,Davidmouth,2503
2527,father,Hermanhaven,4025
2528,experience,West Charles,9613
2529,chair,East Cheyenneland,6119
2530,hotel,North Corey,9960
2531,turn,West Joshua,4712
2532,agreement,South Amyfurt,8445
2533,strategy,West Scott,7210
2534,report,Moyerfurt,5437
2535,image,Coxview,4706
2536,factor,Port Brian,2094
2537,always,North Valerie,4959
2538,letter,South Matthewmouth,7436
2539,long,Thomasburgh,2551
2540,determine,East Logan,3951
2541,available,Morrisonchester,8300
2542,truth,West Joshua,4004
2543,ago,Millerchester,9043
2544,improve,Lake Baileyhaven,6756
2545,but,East Feliciabury,5840
2546,word,North Elizabeth,4694
2547,operation,Ginachester,5269
2548,have,Angelaburgh,4994
2549,end,Carterbury,4865
2550,serious,West Shawnbury,4830
2551,effort,Dawntown,3515
2552,cold,North Kylie,6953
2553,suddenly,South Jonathan,5565
2554,less,Mariaborough,2869
2555,data,Navarrofort,7008
2556,treatment,Clarkberg,7912
2557,national,Bridgesview,7888
2558,trouble,South Joshua,2761
2559,strategy,North Spencerstad,2921
2560,collection,Williamsview,8358
2561,risk,South Shelly,7267
2562,price,Michaelland,2702
2563,road,Florestown,2413
2564,course,Port Megan,9021
2565,his,Paulshire,8986
2566,thought,Lake Frankland,4394
2567,its,North Kathryn,4038
2568,human,Brendaberg,4153
2569,throw,West Johnstad,9852
2570,throughout,New John,7161
2571,control,New Jenniferfort,8389
2572,among,North Jesseborough,2418
2573,house,Lake Heidi,9773
2574,often,West Thomas,1452
2575,lawyer,Burchberg,6764
2576,many,Port Charles,8866
2577,history,Darrylburgh,7378
2578,rise,West John,7910
2579,up,New Kara,4241
2580,interview,West Johnmouth,7020
2581,little,New John,1378
2582,government,Laurieville,9922
2583,politics,West Sean,1757
2584,hot,Sullivanmouth,7514
2585,prevent,Stokesshire,3381
2586,look,West Benjaminville,6280
2587,trial,Longmouth,3676
2588,record,East Tinachester,2577
2589,again,New Margaretville,1076
2590,pass,Lake Kevin,7703
2591,think,Amandaview,4003
2592,throughout,Daughertyberg,9424
2593,I,Stephenstad,1156
2594,act,Christopherfurt,7871
2595,field,Blackside,5557
2596,maybe,Davisfort,6249
2597,attention,Hunterville,1868
2598,anything,East Peterstad,8125
2599,imagine,Lake Julie,9805
2600,discuss,Keithview,8549
2601,eye,North Anthony,8551
2602,eight,West Barbara,2166
2603,police,Andrewtown,9291
2604,song,Brandishire,1802
2605,side,Wongfurt,3999
2606,true,New Stephen,5556
2607,stuff,West Angela,6673
2608,main,Millsstad,5820
2609,for,New Sandra,2223
2610,simply,Lake Shane,2784
2611,lose,East Kathryn,6416
2612,ground,North Williamhaven,5912
2613,career,Alvaradofort,7973
2614,base,Conradborough,1487
2615,each,Jacksontown,2239
2616,eye,Thomaschester,2137
2617,oil,West Peter,7053
2618,that,Hamiltonview,1393
2619,identify,New Shannonside,5514
2620,house,North Debra,7576
2621,end,Watsonmouth,4595
2622,would,Robertview,5105
2623,fire,North Ronaldview,9354
2624,set,Kristinamouth,8806
2625,describe,Sandersmouth,5486
2626,raise,New Sara,4476
2627,turn,Garymouth,6667
2628,significant,North Anthony,4888
2629,law,West Tracey,5084
2630,raise,East Angela,3846
2631,term,Johnsonside,9084
2632,fund,West Pamela,7380
2633,total,Smithville,8856
2634,type,West Johnport,3701
2635,different,Nicoleside,7440
2636,power,South Scotttown,8827
2637,activity,South Josephville,8879
2638,hour,East Marcusview,1308
2639,take,Johnbury,6638
2640,everything,Davisview,6300
2641,agent,Lake Mason,2455
2642,skill,Port Michaelville,5127
2643,budget,Lake Mariahland,9590
2644,dinner,New Kathryn,9818
2645,book,Port Amyfort,8517
2646,however,Travisview,5798
2647,expect,North Amber,8150
2648,compare,Guzmanstad,2189
2649,pay,Sandrafurt,5548
2650,first,Swansonview,4553
2651,so,North Matthewbury,8500
2652,his,North Johnathan,6443
2653,majority,New Laurie,4168
2654,cut,Butlerland,9609
2655,bad,South Jenna,3430
2656,form,South Kathyfurt,7484
2657,why,Nathanport,9427
2658,finish,Traceyburgh,2623
2659,through,Ashleyton,9102
2660,growth,Perezchester,3009
2661,work,New Ashleychester,8702
2662,how,Lake Robertview,3779
2663,his,Port Joseph,2380
2664,every,Leechester,9942
2665,item,North Jody,2621
2666,economy,Jonesstad,9502
2667,always,West Justinstad,4967
2668,feel,Port Jesse,6830
2669,college,Phillipsfort,3331
2670,particular,Lake Williammouth,7898
2671,continue,Port Lance,6152
2672,drop,Gomezport,8093
2673,surface,Coopershire,1298
2674,into,Alexandraton,8751
2675,source,East Jessica,9445
2676,others,West Kristenmouth,3750
2677,smile,Singhton,9697
2678,environmental,New Zacharyfort,3748
2679,soon,South Brandonmouth,6016
2680,start,Lake Kristin,5054
2681,red,New Madison,7099
2682,now,South Heather,6225
2683,idea,Port Samantha,7266
2684,yeah,Muellerfurt,5501
2685,teach,East Abigail,5102
2686,region,Boltonmouth,5093
2687,power,Foxberg,5514
2688,serve,Port Karenside,4348
2689,themselves,New Denise,1614
2690,ask,New Nicholasland,6945
2691,sell,Smithville,9154
2692,near,Jasonchester,9733
2693,executive,West Donaldborough,7671
2694,dream,New Rebeccaborough,5714
2695,edge,East Amanda,6401
2696,affect,Chapmanbury,9669
2697,food,West Sarahbury,9557
2698,check,Pattersonburgh,7547
2699,single,Port Charles,5357
2700,low,Keithmouth,4909
2701,middle,Danielleton,2453
2702,truth,Dickersonberg,1199
2703,we,Jonathanport,9129
2704,peace,Davidbury,8567
2705,begin,Blaketown,1009
2706,federal,Fitzgeraldstad,5114
2707,rest,Thomasbury,5655
2708,minute,Port Steveburgh,1816
2709,middle,Port Kelly,3620
2710,attention,New Amber,1949
2711,take,Andrewhaven,3423
2712,watch,Thomasfort,6846
2713,cold,Gonzaleztown,4369
2714,bar,Brownfort,9901
2715,phone,Walterborough,1158
2716,detail,Colleenside,8806
2717,plant,Comptonville,5825
2718,next,Harrischester,8787
2719,door,Thomasland,4163
2720,least,Juarezland,8204
2721,exactly,Port Emily,3135
2722,represent,South Jessica,9823
2723,doctor,Smithberg,6001
2724,movement,Markburgh,6300
2725,who,Meghanberg,6719
2726,effort,Lake Roberthaven,7167
2727,pay,Stevenside,8001
2728,task,Port Leslieburgh,4872
2729,sign,Thompsonville,8498
2730,every,North Jessica,9405
2731,decision,North Amber,6820
2732,war,Anthonyville,6824
2733,very,Thomasside,3119
2734,expert,Taylortown,1982
2735,spring,South Lori,8309
2736,week,Garymouth,4089
2737,might,East Gailton,3906
2738,end,Stephenland,7604
2739,too,Watsontown,2273
2740,game,Emilyland,6492
2741,drop,New Elizabethbury,8649
2742,how,Calebchester,1498
2743,end,Jamesville,1861
2744,others,Peterfurt,9143
2745,production,North Veronica,3251
2746,you,Richardville,8757
2747,rest,Jeremyland,2884
2748,director,Kellyside,3462
2749,them,East Danielland,2176
2750,lot,Lake Suzanne,3243
2751,read,Pennyside,3175
2752,leader,Martinview,2162
2753,rise,West Tashashire,7008
2754,record,Caseyfort,2321
2755,its,Charlestown,7597
2756,between,Lake Tara,3513
2757,wind,Riversfort,8962
2758,better,Lake Stevenfurt,5071
2759,court,Harrisview,5015
2760,audience,New Thomas,6564
2761,choice,Nelsonberg,5802
2762,through,Aguirremouth,3558
2763,anyone,Onealchester,5993
2764,but,West Shawnport,5179
2765,usually,Andersonchester,2924
2766,hot,Lake Kathrynland,5145
2767,system,Amberside,5332
2768,himself,Hendricksmouth,4653
2769,yard,Millerton,3982
2770,customer,Lisaton,3342
2771,lay,Lake Sara,3342
2772,subject,Bushside,1049
2773,impact,West Jason,4177
2774,week,Rosariofort,1271
2775,address,East Samuel,9517
2776,threat,Ochoaland,4703
2777,spend,Stewartstad,1377
2778,factor,South Tonya,3965
2779,church,South Anthonystad,9585
2780,just,New Karentown,2124
2781,effort,Ericksonborough,6217
2782,trip,Deborahview,5362
2783,chance,New Mercedes,8580
2784,have,Grayshire,5375
2785,cultural,New Nancy,8927
2786,really,South Carolynmouth,8802
2787,thing,East Andrewbury,8500
2788,range,Justinbury,4837
2789,other,Garrettberg,8947
2790,house,West Jessicaton,9721
2791,put,Port Aaron,9505
2792,together,Sarahton,8030
2793,easy,Snyderhaven,7574
2794,cause,New Michaelberg,4786
2795,know,East Deanna,8201
2796,federal,Ibarraburgh,6636
2797,want,Port Adrian,8141
2798,class,East Melinda,2150
2799,site,North Matthewchester,8769
2800,game,Amyborough,9549
2801,some,West Randy,1396
2802,community,East Richard,4050
2803,responsibility,Cannontown,6077
2804,could,Deanland,3754
2805,process,Stephanieshire,8442
2806,future,Burtonside,9536
2807,play,Rachelmouth,2901
2808,economy,Hudsonmouth,9316
2809,move,Comptonmouth,3981
2810,produce,North Nathan,2599
2811,say,Calebfurt,4084
2812,lead,Turnerland,6117
2813,establish,Marieland,3205
2814,student,Sanchezstad,5437
2815,fear,West Pamela,8068
2816,concern,West Yolanda,9233
2817,live,Phillipsshire,7918
2818,attorney,South Donnachester,9134
2819,scene,Smithside,9626
2820,development,Blackwellport,6821
2821,at,Kellerchester,9783
2822,day,Lake Derrick,9493
2823,option,North Julie,5303
2824,surface,North Nicholas,2823
2825,so,Samanthaland,9515
2826,history,Kellybury,8601
2827,bill,Markstown,8712
2828,station,Smithfort,2030
2829,mention,Kyleshire,4338
2830,between,New Brookeborough,4461
2831,hospital,Kariville,8814
2832,most,South Nancy,5698
2833,year,Andersonstad,8956
2834,page,East Eric,3047
2835,sure,East Carolyn,7001
2836,he,Floresberg,8758
2837,free,Chadview,6631
2838,person,New Alanfort,2708
2839,travel,Williamfort,3312
2840,process,Sanderston,4043
2841,society,South Coreyhaven,8990
2842,suggest,New Joseph,2738
2843,red,East Brandy,5986
2844,surface,Alvaradoside,2098
2845,condition,Justinland,7531
2846,like,Wilcoxview,3079
2847,investment,Stephenside,3343
2848,successful,East Christyport,5200
2849,she,Mollyborough,2155
2850,choice,Taylorstad,4204
2851,choice,Melissahaven,6920
2852,option,Port Kari,8101
2853,budget,Chandlerville,7995
2854,lose,Clarktown,2116
2855,benefit,Martinview,3023
2856,three,New Jeremyburgh,5040
2857,cover,Port Anthony,6026
2858,condition,Vargasbury,3183
2859,item,New Courtneytown,5863
2860,air,Lake Jerryfurt,7167
2861,fund,New Jamesmouth,5302
2862,receive,Howeport,5973
2863,nature,South Stevenport,1915
2864,share,Brooksfurt,6361
2865,none,East Christine,6106
2866,paper,Hurleyberg,7521
2867,third,Stevenstad,2729
2868,here,New Noahmouth,9944
2869,conference,New Lisa,5337
2870,break,Mendozafurt,5642
2871,name,East Lindaburgh,7892
2872,gun,Briantown,9854
2873,beautiful,Stephenfurt,2295
2874,eight,Gomeztown,3647
2875,hope,Lake Sherryton,9080
2876,interview,Samuelton,9671
2877,challenge,Sabrinabury,4097
2878,argue,Jonesstad,2414
2879,institution,Lake Juan,3386
2880,character,Cameronmouth,9798
2881,recently,Aarontown,4985
2882,close,Colinland,2702
2883,realize,Danielside,5155
2884,their,Jesseborough,7410
2885,poor,North Sara,4092
2886,career,Port Martha,9148
2887,ok,South Jason,1106
2888,share,Lake Timothyborough,7235
2889,first,Reneehaven,6006
2890,serve,North Victor,7969
2891,eye,Port Crystalberg,7734
2892,our,South Stephanie,8223
2893,sometimes,Jenniferfurt,5116
2894,reason,New Phillipfurt,1820
2895,middle,South Timothy,4539
2896,get,Torresview,3112
2897,buy,Spencerport,6574
2898,team,Chandlerberg,4957
2899,election,Brandyville,7507
2900,watch,Osbornemouth,5003
2901,office,Port Daniel,2310
2902,they,Meyerberg,5506
2903,perform,Port Marc,2907
2904,employee,Porterside,9794
2905,laugh,Port Julie,5407
2906,character,New Jasmine,1406
2907,main,East Katherine,5942
2908,with,New Lisa,1304
2909,activity,Amyville,9571
2910,account,Colechester,7639
2911,woman,New Michaelborough,9386
2912,boy,Lake Adam,7210
2913,loss,Virginiaberg,8878
2914,bag,Joelfurt,1127
2915,indicate,New Juan,3690
2916,voice,East Jacquelineland,9711
2917,on,Scottfort,1358
2918,bit,West Dianaborough,8475
2919,moment,Wilsonfort,9492
2920,travel,Michaelmouth,9363
2921,draw,West Dawn,3705
2922,cup,Jenniferhaven,2502
2923,realize,Dunlapfurt,1391
2924,suggest,East Justin,6434
2925,age,Port Robertshire,2258
2926,similar,South Crystalport,4298
2927,marriage,South Rebeccafurt,2585
2928,measure,North Victoriaborough,3907
2929,find,North Robert,5381
2930,method,East Emily,6831
2931,near,East Tina,2779
2932,indicate,Port Richard,8287
2933,glass,Adkinstown,1689
2934,chance,Petersonhaven,4704
2935,movement,East James,1455
2936,form,South Derekfort,5415
2937,listen,East Jaredton,6079
2938,others,Lake Williamside,8781
2939,attention,West Richard,6157
2940,risk,Gonzalezview,5494
2941,knowledge,New Melinda,1085
2942,front,East Elizabethburgh,4181
2943,add,Gonzalesville,5484
2944,stand,North Patrickmouth,7790
2945,mind,Lake Williamport,9269
2946,employee,West Lauren,8870
2947,month,North Brian,5885
2948,avoid,Port Brittanyberg,8921
2949,easy,North Julie,6029
2950,poor,Moonshire,5858
2951,throughout,Amandamouth,1427
2952,break,Richardland,6821
2953,still,Lake Angelside,7906
2954,total,South Harold,3259
2955,family,Bridgesbury,8895
2956,from,New Helen,2412
2957,summer,Johnshire,8262
2958,do,New Elaine,6435
2959,ground,Lake Robert,1001
2960,lawyer,West Tanya,6617
2961,chair,Colemanmouth,5404
2962,lot,Woodmouth,1441
2963,within,Frankland,5789
2964,nothing,North Teresaville,4634
2965,human,North Sara,8546
2966,myself,Davidfurt,2957
2967,soldier,East Kathryntown,9797
2968,teacher,North Christopher,1763
2969,have,South Karina,8242
2970,fund,South Davidstad,6640
2971,or,West Stacy,1966
2972,action,Lake Jessica,5922
2973,police,Port Joseph,3359
2974,person,North David,4419
2975,property,Brendamouth,3750
2976,career,Joshuamouth,3797
2977,another,Danielborough,9637
2978,computer,Melissabury,3525
2979,coach,East Kellymouth,4300
2980,condition,East Victoria,6932
2981,cut,Blackchester,8984
2982,lot,West Elizabethville,7474
2983,seek,Mendezton,5627
2984,air,East Janeberg,8017
2985,single,New Rebecca,2836
2986,will,North Edward,8064
2987,by,Moramouth,6845
2988,there,New Patrickhaven,7963
2989,who,East Bobby,9004
2990,picture,East Patrickmouth,4681
2991,pressure,Johnsonmouth,7257
2992,prove,Theresabury,7683
2993,billion,Brandonton,8327
2994,career,East Anne,5069
2995,action,Quinnshire,3308
2996,something,Stephenton,3802
2997,sing,Newmanfort,5143
2998,result,Woodsville,8169
2999,age,South Michaelfort,6200
3000,much,West Michael,9129
3001,shake,Brownbury,5589
3002,capital,East Michelle,1499
3003,medical,Thompsonview,2989
3004,agreement,North Brian,4733
3005,despite,West Richardland,1762
3006,new,West Christopher,1604
3007,wear,Kristintown,1604
3008,yes,Priceberg,4735
3009,man,North Sierraberg,8975
3010,job,Joyceshire,3981
3011,statement,Gonzalezstad,7931
3012,consumer,Dianaville,3784
3013,stage,Mckinneybury,1867
3014,high,Davidville,1450
3015,can,Lake Gabrielastad,6465
3016,which,South Cassandra,7816
3017,majority,Davidmouth,5471
3018,prevent,Port Melissa,5796
3019,represent,East Wesleyhaven,7759
3020,meeting,Sandovalchester,3847
3021,whole,New Jeffreyport,8410
3022,voice,Carsonbury,9824
3023,something,East Gina,8002
3024,window,South Dawn,8881
3025,whatever,North Lisachester,2446
3026,catch,East Sarah,2339
3027,rest,Bryantchester,3321
3028,young,Leahstad,4117
3029,end,North Ronaldville,7199
3030,fall,Ruizhaven,1588
3031,product,Amandachester,2636
3032,win,Chandlerfort,8186
3033,cell,Williamsshire,5565
3034,provide,South Teresaport,9785
3035,including,New Michael,9781
3036,claim,Fowlershire,7319
3037,full,Port Charles,6150
3038,simply,South Carlos,5884
3039,true,South Staceyland,8265
3040,response,Lopezfurt,7730
3041,show,Lake Holly,3831
3042,town,South Ashleyside,9835
3043,control,West Eric,4574
3044,address,Lake Nancytown,8122
3045,eat,New Vanessa,7709
3046,open,Deborahborough,4614
3047,common,Port Richard,3398
3048,near,Lake Samantha,6142
3049,low,North Christopher,2556
3050,table,Armstrongmouth,5534
3051,anything,South Victoria,4144
3052,cover,New Angelaville,2900
3053,join,Tamarafurt,2508
3054,term,Jacksonside,9573
3055,need,Jasonport,7243
3056,commercial,Hartmouth,4873
3057,maintain,East Stephaniefurt,2714
3058,necessary,Brownbury,4292
3059,two,Port Karen,3447
3060,that,Pottermouth,7193
3061,no,North Timothystad,7717
3062,her,Lake Shawnbury,5696
3063,open,Christinetown,9006
3064,nearly,West Noah,9275
3065,support,East Jamesville,3970
3066,what,Weberfort,1834
3067,themselves,Davisview,2111
3068,end,Muellershire,2889
3069,responsibility,Sylviashire,4694
3070,officer,Brownhaven,1110
3071,last,New Jamestown,2536
3072,age,Robinsonland,4239
3073,hair,Christinaborough,9000
3074,year,Murphyhaven,4138
3075,former,Edwardmouth,1440
3076,today,Laneborough,7967
3077,point,Port Madison,9181
3078,cut,Dianemouth,5860
3079,relationship,Rogerston,5099
3080,short,New Zacharyland,2762
3081,past,Mitchellmouth,9564
3082,author,South Randyport,7526
3083,main,Fernandezton,7724
3084,citizen,Diazchester,5870
3085,check,North Heatherburgh,8976
3086,hit,Jamesberg,6042
3087,machine,Mullenland,1231
3088,half,Alyssaport,7204
3089,party,Gordonland,3883
3090,statement,West Brandi,3919
3091,police,Martinezshire,1960
3092,store,East Jamestown,1119
3093,include,Port Michaelview,6774
3094,your,West Gabriel,9353
3095,century,Paulaville,3946
3096,girl,Lake Kelseyfort,2562
3097,away,Scottport,6900
3098,too,East Richardtown,2325
3099,put,Samuelstad,4719
3100,buy,New Gail,3520
